capture_id,ground_truth_cm,repeat_index,image_path,image_sha256,mode,analysis_run_id,model_id,prompt_kind,prompt_sha256,request_started_at,main_object,closest_object,object_position,objects,obstacle_candidate,gemma_description,final_description,sensor_status,sensor_1_cm,sensor_2_cm,frontal_reference_cm,gemma_ms,total_ms,run_sha256,output_sha256
6aaea61a-1cbc-4763-a824-c1d5b77fcd9a,30.0,1,images/dataset_v2_clean/6aaea61a-1cbc-4763-a824-c1d5b77fcd9a.jpg,c25c414d2345719fe1c42f8f00260967fb9d7a5f8b6f99d64fe4740117c36e92,gemma_only,6916b9733f6b4d4387062bdc40844061,google/gemma-4-e2b,default_visual,0c94001ca943856202d8130a4306d30a9af432cc1404bcc602aaeb5b22322fa4,2026-07-23T16:08:07.514180+00:00,Permukaan bertekstur gelap,Benda kecil berwarna terang,tengah,"[""Permukaan panel gelap"", ""Benda kecil berwarna terang""]",Tidak ada hambatan signifikan yang tampak,Gambar ini menampilkan close-up dari permukaan panel gelap dengan pola berlubang atau bertekstur. Terdapat benda kecil berwarna terang yang terlihat di bagian atas gambar.,Gambar ini menampilkan close-up dari permukaan panel gelap dengan pola berlubang atau bertekstur. Terdapat benda kecil berwarna terang yang terlihat di bagian atas gambar.,not_applicable,,,,46110,46115,4fb88ef466438b12eb305dec3a1c2b54b0e840c6e3698ed01276ef81972ebf24,22c707f90de2785fc112da016d5dd277b53176e62b53b9d558642da0e60571b7
6aaea61a-1cbc-4763-a824-c1d5b77fcd9a,30.0,1,images/dataset_v2_clean/6aaea61a-1cbc-4763-a824-c1d5b77fcd9a.jpg,c25c414d2345719fe1c42f8f00260967fb9d7a5f8b6f99d64fe4740117c36e92,sensor_assisted,5dd503ab7a004e24a80eed60586d2b0d,google/gemma-4-e2b,sensor_conditioned,dd0e249428f76b97e9f6edbef6cf46521773b2e338a7e6f980793ed3191e77a2,2026-07-23T16:18:51.847695+00:00,Permukaan bertekstur gelap,Benda terang tak jelas,depan,"[""Permukaan bertekstur gelap"", ""Benda terang""]",Tidak ada hambatan signifikan yang terlihat,Gambar ini menampilkan permukaan gelap dengan pola lubang melingkar. Terdapat benda berwarna terang yang tampak di bagian atas gambar.,"Gambar ini menampilkan permukaan gelap dengan pola lubang melingkar. Terdapat benda berwarna terang yang tampak di bagian atas gambar. Benda terang tak jelas tampak sebagai objek terdekat dari kamera, dengan estimasi jarak sekitar 28.6 cm.",applied,26.63,26.41,28.62,48315,48320,8de1ac678f3cc0d6189fcdd18c2720055ae2bc88af75995e96207e794b662935,849262bc906f73ef40c21ba1f1dfba0a43f1dd9edbaf4257da3399f2c5e7c9f3
f9aa8e50-d140-4133-b521-23a12ec4ac97,30.0,2,images/dataset_v2_clean/f9aa8e50-d140-4133-b521-23a12ec4ac97.jpg,56d2fc83ee3899db0c3a59884eb15bd1846d09a8b67d72070cc3d2e1a594950c,gemma_only,2d2b1f0fbd554021b3f17dec28889610,google/gemma-4-e2b,default_visual,0c94001ca943856202d8130a4306d30a9af432cc1404bcc602aaeb5b22322fa4,2026-07-23T16:08:52.766011+00:00,Permukaan material bertekstur gelap,Potongan bahan terang,tengah,"[""Permukaan gelap berlubang"", ""potongan bahan terang""]",tidak ada hambatan signifikan,Gambar menampilkan permukaan material berwarna gelap dengan pola banyak lubang melingkar yang terdistribusi merata. Terdapat sedikit potongan bahan berwarna terang di bagian atas gambar.,Gambar menampilkan permukaan material berwarna gelap dengan pola banyak lubang melingkar yang terdistribusi merata. Terdapat sedikit potongan bahan berwarna terang di bagian atas gambar.,not_applicable,,,,44915,44920,396da584244bd000b781946d5015d03ab53211fc949b18f5a4f27ba02d3ccbea,3838093c9efec6a8721696ca7565df09be5796aacf72dc7369fa9c9bc6c64518
f9aa8e50-d140-4133-b521-23a12ec4ac97,30.0,2,images/dataset_v2_clean/f9aa8e50-d140-4133-b521-23a12ec4ac97.jpg,56d2fc83ee3899db0c3a59884eb15bd1846d09a8b67d72070cc3d2e1a594950c,sensor_assisted,299383f7877f445ab5d0e5f8f9d42793,google/gemma-4-e2b,sensor_conditioned,52edfeaa5b7e58a539e8d86406c472e925ca0d6003e86453abbbf14ef060dd02,2026-07-23T16:19:36.841144+00:00,Permukaan bertekstur gelap,Potongan material terang,tengah,"[""Permukaan panel gelap"", ""potongan material terang""]",tidak_ada,Gambar menunjukkan permukaan panel berwarna gelap dengan pola lubang melingkar. Terdapat potongan kecil material berwarna terang yang terlihat di bagian atas gambar.,"Gambar menunjukkan permukaan panel berwarna gelap dengan pola lubang melingkar. Terdapat potongan kecil material berwarna terang yang terlihat di bagian atas gambar. Potongan material terang tampak sebagai objek terdekat dari kamera, dengan estimasi jarak sekitar 28.8 cm.",applied,26.05,27.29,28.77,44872,44876,cb1affdffb13bc639d1c9248b386252b7eb000b3b37f911c922286db4979d88b,d007d45ed7ac0951f3f942eca13ad7e99b0bdf9ce5d32216da4a25a5ca85515d
b6aa1f8d-e899-4126-a2f4-05a167708f7d,30.0,3,images/dataset_v2_clean/b6aa1f8d-e899-4126-a2f4-05a167708f7d.jpg,84604461602be4d829147c9a7036b642409a1c6becc86947eff2462825d7ea58,gemma_only,49ea6cf8c3754d8fa2121dcb335f5f99,google/gemma-4-e2b,default_visual,0c94001ca943856202d8130a4306d30a9af432cc1404bcc602aaeb5b22322fa4,2026-07-23T16:09:29.707877+00:00,Permukaan bertekstur gelap,Permukaan bertekstur gelap,tengah,"[""Permukaan bertekstur gelap"", ""potongan kertas/bahan terang""]",tidak_diketahui,Gambar ini menampilkan close-up dari permukaan berwarna gelap dengan pola lubang atau titik yang terdistribusi merata. Terdapat potongan bahan berwarna terang yang terlihat di bagian atas gambar.,Gambar ini menampilkan close-up dari permukaan berwarna gelap dengan pola lubang atau titik yang terdistribusi merata. Terdapat potongan bahan berwarna terang yang terlihat di bagian atas gambar.,not_applicable,,,,36423,36427,a2e194177f4f7ff46d08a7f397ae87b46f18572bdbd60b5ad343641480ae14c4,622c76211160be6cc58d3dae438de233b346847ee73e0b18a613f84c29579015
b6aa1f8d-e899-4126-a2f4-05a167708f7d,30.0,3,images/dataset_v2_clean/b6aa1f8d-e899-4126-a2f4-05a167708f7d.jpg,84604461602be4d829147c9a7036b642409a1c6becc86947eff2462825d7ea58,sensor_assisted,c4a98cad33494c7f8948b5e302ba6914,google/gemma-4-e2b,sensor_conditioned,f62957d74d5998b89f4bd49a343d27cda16c3bb009403441f22235d86adb5215,2026-07-23T16:20:25.069258+00:00,Permukaan bertekstur gelap,Potongan kertas/bahan terang,kanan,"[""Permukaan bertekstur gelap"", ""potongan bahan terang""]",tidak_ada,Gambar ini menampilkan permukaan berwarna gelap dengan tekstur berlubang yang menutupi sebagian besar bingkai. Terdapat potongan kecil berwarna terang yang terlihat di bagian atas kanan gambar.,"Gambar ini menampilkan permukaan berwarna gelap dengan tekstur berlubang yang menutupi sebagian besar bingkai. Terdapat potongan kecil berwarna terang yang terlihat di bagian atas kanan gambar. Potongan kertas/bahan terang tampak sebagai objek terdekat dari kamera, dengan estimasi jarak sekitar 29.2 cm.",applied,27.23,26.98,29.21,48172,48177,853dc5d87286417d5d1c02269de4d541a53fdcb2ab6bd0923274242d082c4075,3c37d506600c7714e484c7fbaf07aff4aef20d69bf08d821ba424492634931cb
d4b30eef-025e-4b67-a926-2bdead833292,50.0,4,images/dataset_v2_clean/d4b30eef-025e-4b67-a926-2bdead833292.jpg,c8c390ff40b0786062665483cbdb7e13c774775199a8aaef1374f9b52e589754,gemma_only,fa6f0bb0119e414f8b9e19323fedaab3,google/gemma-4-e2b,default_visual,0c94001ca943856202d8130a4306d30a9af432cc1404bcc602aaeb5b22322fa4,2026-07-23T16:10:06.034735+00:00,koper/wadah besar,permukaan depan koper,tengah,"[""koper"", ""roda""]",tidak_ada,Gambar ini menampilkan koper atau wadah besar berwarna abu-abu yang diletakkan di atas roda. Objek tersebut mendominasi sebagian besar bingkai gambar.,Gambar ini menampilkan koper atau wadah besar berwarna abu-abu yang diletakkan di atas roda. Objek tersebut mendominasi sebagian besar bingkai gambar.,not_applicable,,,,35857,35861,1490f23d329237a9c80ef2dfcbd126fe81c87e869196ee0857c9447e39a723dd,bd2138ff209796b5a49599e03319fdffaea90479d9d9782f7768f1c0b7490843
d4b30eef-025e-4b67-a926-2bdead833292,50.0,4,images/dataset_v2_clean/d4b30eef-025e-4b67-a926-2bdead833292.jpg,c8c390ff40b0786062665483cbdb7e13c774775199a8aaef1374f9b52e589754,sensor_assisted,46cab3a2e93042b69caba825d6cb7789,google/gemma-4-e2b,sensor_conditioned,8416201c17830843d84f86279f0b4b409703e42134dda03c988ee1c72d781ce0,2026-07-23T16:21:11.200907+00:00,koper/kotak besar berwarna abu-abu,tidak_diketahui,tengah,"[""koper""]",tidak_ada,"Gambar ini menampilkan koper atau kotak besar berwarna abu-abu yang diletakkan di atas roda, mengisi sebagian besar bingkai. Tidak ada hambatan lain yang terlihat dalam pandangan ini.","Gambar ini menampilkan koper atau kotak besar berwarna abu-abu yang diletakkan di atas roda, mengisi sebagian besar bingkai. Tidak ada hambatan lain yang terlihat dalam pandangan ini. Referensi jarak frontal sekitar 48.9 cm pada arah sensor.",applied,46.31,46.6,48.94,45857,45861,fcfbee2c6824a87c4e5d0d9d97f82248c732f5cc2e6d4b3c158dc5a7a3430ce2,19abf5806b20f8ea1bdc56fa171fb2017c4e2afa0d399bf8729131cd697a3b58
827a0275-b84b-4487-81aa-93fc8859788c,50.0,5,images/dataset_v2_clean/827a0275-b84b-4487-81aa-93fc8859788c.jpg,549a4a5cb7a08866e680c15986343186ea52cdd05f407f98d32092b98cd399c2,gemma_only,fb12cb3ae58b4473b05208968a006864,google/gemma-4-e2b,default_visual,0c94001ca943856202d8130a4306d30a9af432cc1404bcc602aaeb5b22322fa4,2026-07-23T16:10:47.787227+00:00,koper,koper,tengah,"[""koper"", ""roda""]",tidak_ada,Gambar ini menampilkan koper besar berwarna abu-abu dengan banyak lubang melingkar di permukaannya. Koper tersebut tampak diletakkan di atas roda.,Gambar ini menampilkan koper besar berwarna abu-abu dengan banyak lubang melingkar di permukaannya. Koper tersebut tampak diletakkan di atas roda.,not_applicable,,,,41710,41714,58034f6dc63c94fcba79fe262d5521075b58f4b24d513068151705ec08c13835,24b3cf3e760a4bf8e48548d47c96c9eb53aefe33280ea6410e41f2e36e816b69
827a0275-b84b-4487-81aa-93fc8859788c,50.0,5,images/dataset_v2_clean/827a0275-b84b-4487-81aa-93fc8859788c.jpg,549a4a5cb7a08866e680c15986343186ea52cdd05f407f98d32092b98cd399c2,sensor_assisted,dc2452819c704b14867df44599cd8369,google/gemma-4-e2b,sensor_conditioned,8366e70156bf4f8295bba3e78e79359a41c190c6b2dfec53db3ec75b3f8853b0,2026-07-23T16:21:50.327422+00:00,kotak besar bertekstur,kotak besar bertekstur,tengah,"[""kotak besar"", ""roda""]",tidak_diketahui,Gambar menunjukkan pandangan dekat dari bagian bawah sebuah objek persegi panjang berwarna abu-abu gelap dengan banyak lubang melingkar. Objek ini tampaknya merupakan bagian dari perangkat beroda.,"Gambar menunjukkan pandangan dekat dari bagian bawah sebuah objek persegi panjang berwarna abu-abu gelap dengan banyak lubang melingkar. Objek ini tampaknya merupakan bagian dari perangkat beroda. kotak besar bertekstur tampak sebagai objek terdekat dari kamera, dengan estimasi jarak sekitar 49.0 cm.",applied,46.32,46.61,48.95,39042,39046,8b1cd013ec4b3de7988bc992872eedac92cbeec36bf92b93fcee77a2ce98d10b,a0b726c8cbfb361f184e788ae37b085a5cecd158476b821a50f2db31e395c3bc
584d90bd-bff0-4795-9bf5-1b3e32b13ce1,50.0,6,images/dataset_v2_clean/584d90bd-bff0-4795-9bf5-1b3e32b13ce1.jpg,01ca0b3b1f760e7b1f936f545301357f0bc472820d84eccb9f1c99ed641814c3,gemma_only,b946367b5edd4dad9eb85eaf9f4c0f6a,google/gemma-4-e2b,default_visual,0c94001ca943856202d8130a4306d30a9af432cc1404bcc602aaeb5b22322fa4,2026-07-23T16:11:28.396169+00:00,koper,koper,tengah,"[""koper"", ""roda""]",tidak_diketahui,Gambar ini menampilkan sebuah koper besar berwarna abu-abu yang diletakkan di atas lantai. Koper tersebut memiliki banyak tonjolan melingkar dan tampak berada di tengah bingkai.,Gambar ini menampilkan sebuah koper besar berwarna abu-abu yang diletakkan di atas lantai. Koper tersebut memiliki banyak tonjolan melingkar dan tampak berada di tengah bingkai.,not_applicable,,,,40401,40405,35504f6dfb592cda30d36f9eaa69baeb6ba1fbe1d68d5ce0a80d137eec97e5b7,4c026f5d2f2d2d97b7e2efccd493cd64e91977123f45f0f6e9a5b35379658034
584d90bd-bff0-4795-9bf5-1b3e32b13ce1,50.0,6,images/dataset_v2_clean/584d90bd-bff0-4795-9bf5-1b3e32b13ce1.jpg,01ca0b3b1f760e7b1f936f545301357f0bc472820d84eccb9f1c99ed641814c3,sensor_assisted,3c4074ba9d594d16b8149ce778b6953d,google/gemma-4-e2b,sensor_conditioned,e2dcb6c80decb27b422f615ad1ac73b0fe45a2184c4802ebb75d10c6c2552d87,2026-07-23T16:22:32.561827+00:00,koper besar abu-abu,koper besar abu-abu,tengah,"[""koper"", ""tiang""]",tidak ada,Gambar ini menampilkan koper besar berwarna abu-abu yang diletakkan di dalam ruangan dengan latar belakang dinding berwarna terang. Koper tersebut memiliki dua tiang vertikal yang menonjol dari bagian atasnya.,"Gambar ini menampilkan koper besar berwarna abu-abu yang diletakkan di dalam ruangan dengan latar belakang dinding berwarna terang. Koper tersebut memiliki dua tiang vertikal yang menonjol dari bagian atasnya. koper besar abu-abu tampak sebagai objek terdekat dari kamera, dengan estimasi jarak sekitar 49.5 cm.",applied,46.92,47.21,49.55,41871,41875,c3255f2a6dac48c65da9acdd73a3233bd858a6b6ea1989a01c86baea2c3b7053,ffa1bf3fb089e8dc743de2313c06149ab7183dd8bf5fddee9785cb07040cc6f0
2dff46c3-2d49-4fd9-a166-bc0b26a3c8d8,75.0,1,images/dataset_v2_clean/2dff46c3-2d49-4fd9-a166-bc0b26a3c8d8.jpg,9b888fd6786d98d1b995c0ddb480bd13133dbb21d3e3c06b712ca7744b4244e4,gemma_only,f44cccdf06084d719fc2390d68e0e2f2,google/gemma-4-e2b,default_visual,0c94001ca943856202d8130a4306d30a9af432cc1404bcc602aaeb5b22322fa4,2026-07-23T16:12:01.524730+00:00,koper,koper,tengah,"[""koper"", ""lantai""]",tidak_ada,Sebuah koper hitam besar diletakkan di atas lantai ruangan. Objek tersebut mendominasi sebagian besar bingkai gambar.,Sebuah koper hitam besar diletakkan di atas lantai ruangan. Objek tersebut mendominasi sebagian besar bingkai gambar.,not_applicable,,,,32615,32618,7889402d068ea7c227d4826685ca3db69a51fbce77372f7d4ec71a6beaf82d10,50041dc976c0b53a86c2e34ca53efe37238b6f5629e30fc29caa5cfa49f0a247
2dff46c3-2d49-4fd9-a166-bc0b26a3c8d8,75.0,1,images/dataset_v2_clean/2dff46c3-2d49-4fd9-a166-bc0b26a3c8d8.jpg,9b888fd6786d98d1b995c0ddb480bd13133dbb21d3e3c06b712ca7744b4244e4,sensor_assisted,9dde2bb36fa04279b73e1b18bc594940,google/gemma-4-e2b,sensor_conditioned,fe6a48c3327e5cdc0ae8f88e3228b28625aff0f3bea852dc3949eacccad443bd,2026-07-23T16:23:12.895659+00:00,koper/tas,koper/tas,tengah,"[""lantai"", ""dinding""]",tidak_diketahui,Gambar menunjukkan sebuah koper atau tas besar berwarna gelap yang diletakkan di atas lantai ruangan. Latar belakangnya adalah dinding polos berwarna terang.,"Gambar menunjukkan sebuah koper atau tas besar berwarna gelap yang diletakkan di atas lantai ruangan. Latar belakangnya adalah dinding polos berwarna terang. koper/tas tampak sebagai objek terdekat dari kamera, dengan estimasi jarak sekitar 74.2 cm.",applied,70.98,71.38,74.15,40289,40293,a581a86a434bb2980e20f7eb87b5b9196edfa39ea9e2bbf5cb9c389923a9f8af,998350b4343ed796b2cb3dc7b3c0e532965241f1868bb286da3286423de44bf0
6cba3a3c-f522-4e76-acc6-6897fef41724,75.0,2,images/dataset_v2_clean/6cba3a3c-f522-4e76-acc6-6897fef41724.jpg,c4e8bfaaa445876e2e0fe25fd896ddbe542c743b931b8d7ab1cae43ad3c342b4,gemma_only,57fd08f9c4b449df8b4b2314df5c5a61,google/gemma-4-e2b,default_visual,0c94001ca943856202d8130a4306d30a9af432cc1404bcc602aaeb5b22322fa4,2026-07-23T16:12:30.119758+00:00,koper/tas,koper/tas,tengah,"[""koper/tas"", ""lantai""]",tidak_ada,Gambar ini menampilkan sebuah koper hitam dengan roda yang diletakkan di atas lantai. Objek tersebut berada di tengah bingkai dan tampak jelas.,Gambar ini menampilkan sebuah koper hitam dengan roda yang diletakkan di atas lantai. Objek tersebut berada di tengah bingkai dan tampak jelas.,not_applicable,,,,28337,28341,c81cf2394d1e0c7fcdf91e8ee0a36f09d668ca5d8ab28b1cef1ac6ab6a5566c7,3912e5731b9f1fd0c4061c28f6c3caac24298ca927126e9c94b91e07b48f01ca
6cba3a3c-f522-4e76-acc6-6897fef41724,75.0,2,images/dataset_v2_clean/6cba3a3c-f522-4e76-acc6-6897fef41724.jpg,c4e8bfaaa445876e2e0fe25fd896ddbe542c743b931b8d7ab1cae43ad3c342b4,sensor_assisted,6c5467a51c524fdabb7cfb37ed66ccac,google/gemma-4-e2b,sensor_conditioned,71d6cb448729550b59f46f5451ea8da089e04a63944c79a78e21f83683999b39,2026-07-23T16:23:54.611403+00:00,koper/tas roda,koper/tas roda,tengah,"[""lantai"", ""dinding""]",tidak_diketahui,Gambar ini menampilkan sebuah koper atau tas roda berwarna hitam yang diletakkan di atas lantai. Latar belakangnya adalah dinding polos berwarna terang.,"Gambar ini menampilkan sebuah koper atau tas roda berwarna hitam yang diletakkan di atas lantai. Latar belakangnya adalah dinding polos berwarna terang. koper/tas roda tampak sebagai objek terdekat dari kamera, dengan estimasi jarak sekitar 74.7 cm.",applied,71.5,71.86,74.66,41592,41595,b14a235bf2abb8e211d19abe266bd2b9932d61408f2af5906b7e9c8457e900da,129e55d7d519ed535a83cf90b636f6db6054889a7d48c4d8b20b5977f51580bf
dbd84319-ebc3-483d-882a-48f0b22eca11,75.0,3,images/dataset_v2_clean/dbd84319-ebc3-483d-882a-48f0b22eca11.jpg,f02fdbae372166eb0a2464fc240931301bf80928a15b8d12135798746f99eb5a,gemma_only,5315acd21d0546d5b7bd6675919d38b4,google/gemma-4-e2b,default_visual,0c94001ca943856202d8130a4306d30a9af432cc1404bcc602aaeb5b22322fa4,2026-07-23T16:13:07.656908+00:00,koper,koper,depan,"[""koper"", ""lantai""]",tidak ada hambatan yang jelas,Sebuah koper besar berwarna gelap diletakkan di atas lantai keramik. Objek tersebut mendominasi bagian depan gambar.,Sebuah koper besar berwarna gelap diletakkan di atas lantai keramik. Objek tersebut mendominasi bagian depan gambar.,not_applicable,,,,37027,37030,d98480f4815b397df325934dd0ad21954086ac846d9f8e51a641979b7264f519,57ec2a60c576063ee6910e9c3622f79a7dfeed6b494714af567e4cf10e173151
dbd84319-ebc3-483d-882a-48f0b22eca11,75.0,3,images/dataset_v2_clean/dbd84319-ebc3-483d-882a-48f0b22eca11.jpg,f02fdbae372166eb0a2464fc240931301bf80928a15b8d12135798746f99eb5a,sensor_assisted,afb6030ae4fe49e0b4bdd42ba8e8125c,google/gemma-4-e2b,sensor_conditioned,fe6a48c3327e5cdc0ae8f88e3228b28625aff0f3bea852dc3949eacccad443bd,2026-07-23T16:24:32.445877+00:00,koper/tas,koper/tas,tengah,"[""koper"", ""lantai"", ""dinding""]",tidak_diketahui,Gambar ini menampilkan sebuah koper besar berwarna gelap yang diletakkan di atas lantai keramik. Latar belakangnya adalah dinding polos berwarna terang.,"Gambar ini menampilkan sebuah koper besar berwarna gelap yang diletakkan di atas lantai keramik. Latar belakangnya adalah dinding polos berwarna terang. koper/tas tampak sebagai objek terdekat dari kamera, dengan estimasi jarak sekitar 74.2 cm.",applied,70.98,71.46,74.19,37504,37510,c1e686325b8121232e249af197308cd02de5225435dd5b026cf56d4f5d82d3f6,3439b008e812d1408d0133bc1ab8bc6a3b70d50b1472ea380f2f047511140cac
131c0f0f-3c1a-4b17-aaa9-18b0ecc9ad12,100.0,1,images/dataset_v2_clean/131c0f0f-3c1a-4b17-aaa9-18b0ecc9ad12.jpg,78b948322b61a4e0a741e9a3ff651e637d551a4f22408a0d85408056b04ed14e,gemma_only,ecf8a88116454a5098d7d079d69c9bc7,google/gemma-4-e2b,default_visual,0c94001ca943856202d8130a4306d30a9af432cc1404bcc602aaeb5b22322fa4,2026-07-23T16:13:41.888774+00:00,koper besar,koper besar,tengah,"[""koper"", ""lantai"", ""dinding""]",tidak ada hambatan yang jelas,Sebuah koper besar berwarna gelap diletakkan di atas lantai keramik dalam ruangan. Terdapat kabel atau kawat terlihat di sisi kanan gambar.,Sebuah koper besar berwarna gelap diletakkan di atas lantai keramik dalam ruangan. Terdapat kabel atau kawat terlihat di sisi kanan gambar.,not_applicable,,,,33863,33866,80bb5efd23f9afb22a207f4c0024da6488152f320fac47edafb0e86b3284bb15,e30c0f9ae85230d2f1b82da37e5c23994ad1980475e146e8413393ae6dab6a7b
131c0f0f-3c1a-4b17-aaa9-18b0ecc9ad12,100.0,1,images/dataset_v2_clean/131c0f0f-3c1a-4b17-aaa9-18b0ecc9ad12.jpg,78b948322b61a4e0a741e9a3ff651e637d551a4f22408a0d85408056b04ed14e,sensor_assisted,be0c7e5f31cd4379b9e6564e60d60b56,google/gemma-4-e2b,sensor_conditioned,190c904d55739061b94dfe26f3034c1818c8a3c64084873083ea11ba605bec89,2026-07-23T16:25:17.489493+00:00,koper/tas,koper/tas,tengah,"[""koper/tas"", ""lantai"", ""dinding""]",tidak_diketahui,Gambar ini menampilkan sebuah koper atau tas berwarna gelap yang diletakkan di atas lantai keramik di dalam ruangan. Objek tersebut berada di tengah bingkai dengan latar belakang dinding berwarna terang.,"Gambar ini menampilkan sebuah koper atau tas berwarna gelap yang diletakkan di atas lantai keramik di dalam ruangan. Objek tersebut berada di tengah bingkai dengan latar belakang dinding berwarna terang. koper/tas tampak sebagai objek terdekat dari kamera, dengan estimasi jarak sekitar 99.5 cm.",applied,96.07,96.04,99.51,44627,44631,658a5130fb7702484a16812d8982e631aa3444c7f915027f5d5f8b7861eb91f8,e58de27893940f9772c3e7f0ccf495042e79d1493368333dc4d8f6c9610477ec
81adb4ed-b5a7-4712-9aae-9426a12d520c,100.0,2,images/dataset_v2_clean/81adb4ed-b5a7-4712-9aae-9426a12d520c.jpg,ea35ab2026a943056f0e36491d4b159c9670fa13fe943f11bdf9abfa623b00ca,gemma_only,f77ed8421c7a4c2ca244ed08b831d2e8,google/gemma-4-e2b,default_visual,0c94001ca943856202d8130a4306d30a9af432cc1404bcc602aaeb5b22322fa4,2026-07-23T16:14:11.032421+00:00,koper,koper,tengah,"[""koper"", ""lantai"", ""dinding""]",tidak_ada,Gambar ini menampilkan sebuah koper besar berwarna gelap yang diletakkan di atas lantai keramik. Koper tersebut berada di tengah bingkai dengan latar belakang dinding polos.,Gambar ini menampilkan sebuah koper besar berwarna gelap yang diletakkan di atas lantai keramik. Koper tersebut berada di tengah bingkai dengan latar belakang dinding polos.,not_applicable,,,,28624,28627,879be0c29d3afb80fdc90f22eeccff4cb689613f4c96235288cb015d84dfd018,2d89344bc533d7606064fc5a9895aea7556961ff9db0a29068daa879c63e0709
81adb4ed-b5a7-4712-9aae-9426a12d520c,100.0,2,images/dataset_v2_clean/81adb4ed-b5a7-4712-9aae-9426a12d520c.jpg,ea35ab2026a943056f0e36491d4b159c9670fa13fe943f11bdf9abfa623b00ca,sensor_assisted,1637f8282e524bfd9af0712f2c6dc339,google/gemma-4-e2b,sensor_conditioned,be0c2ec4d2c461e5e9d467831f270cc76cdaf7e538d4e03cecf66924bde7ff87,2026-07-23T16:25:59.319187+00:00,koper,koper,tengah,"[""koper"", ""lantai"", ""dinding""]",tidak_ada,Sebuah koper berwarna gelap diletakkan di atas lantai keramik dengan latar belakang dinding berwarna terang. Objek tersebut mendominasi bagian tengah gambar.,"Sebuah koper berwarna gelap diletakkan di atas lantai keramik dengan latar belakang dinding berwarna terang. Objek tersebut mendominasi bagian tengah gambar yang tampak sebagai objek terdekat dari kamera, dengan estimasi jarak sekitar 99.4 cm.",applied,95.89,95.92,99.36,41522,41526,aa09ea9dfd7c6a34bb337175b3e59501e3e7fd62adc003339bd12d72663f257c,228938b2b7ed7b494b8f7c383e673d83c7cf09b0e96bcc39957c1f3076ee5164
91a63be4-e5c3-4109-8463-7398572db8bf,100.0,3,images/dataset_v2_clean/91a63be4-e5c3-4109-8463-7398572db8bf.jpg,5344ffe685b0f2fa768981de010c20868bd930cff81280a03317a9672af0edf7,gemma_only,7b882377fe5d4834b19027542e68ba0e,google/gemma-4-e2b,default_visual,0c94001ca943856202d8130a4306d30a9af432cc1404bcc602aaeb5b22322fa4,2026-07-23T16:14:43.235798+00:00,koper,koper,tengah,"[""koper"", ""lantai"", ""dinding""]",tidak_diketahui,Sebuah koper berwarna gelap dengan roda diletakkan di atas lantai keramik di depan dinding berwarna terang. Objek utama mendominasi bagian tengah gambar.,Sebuah koper berwarna gelap dengan roda diletakkan di atas lantai keramik di depan dinding berwarna terang. Objek utama mendominasi bagian tengah gambar.,not_applicable,,,,31977,31980,dda970d83b538dec328afae5e18454dd9e9602cd334579037e6df1e814f3486f,eb1ea86e0e4e1849fb4f174c18f771dd4592804ace2839a155f921a87449f8cf
91a63be4-e5c3-4109-8463-7398572db8bf,100.0,3,images/dataset_v2_clean/91a63be4-e5c3-4109-8463-7398572db8bf.jpg,5344ffe685b0f2fa768981de010c20868bd930cff81280a03317a9672af0edf7,sensor_assisted,9d43904b17c64374bbea93014b01f03d,google/gemma-4-e2b,sensor_conditioned,30fe9ab0d74e0c279ab005038c961fd0250cabd0fad17a1d315a7f92fd397f9a,2026-07-23T16:26:46.030212+00:00,koper/tas besar,koper/tas besar,tengah,"[""koper"", ""lantai""]",tidak ada hambatan signifikan yang terlihat,Gambar ini menampilkan sebuah koper atau tas besar berwarna gelap yang diletakkan di atas lantai keramik ruangan indoor. Objek tersebut mendominasi bagian tengah bingkai gambar.,"Gambar ini menampilkan sebuah koper atau tas besar berwarna gelap yang diletakkan di atas lantai keramik ruangan indoor. Objek tersebut mendominasi bagian tengah bingkai gambar. koper/tas besar tampak sebagai objek terdekat dari kamera, dengan estimasi jarak sekitar 99.3 cm.",applied,95.82,95.83,99.27,46329,46332,e1a5af551838a7c22af7aafb8f49e7aec6707d5385b87f62c66402dd6c545034,20616db4736520e0713c81f35dcb1dcf5b4d95abc1c9403a4741ac6124d84c0d
b9953395-f6ea-4a66-84c8-9f23695a13ab,150.0,1,images/dataset_v2_clean/b9953395-f6ea-4a66-84c8-9f23695a13ab.jpg,3d229133faf35cd226ac588a816ac8feec8248d9e5fdeceb0717e883c6f52c3c,gemma_only,3e124e92cb2347a0961282c4d32d06cb,google/gemma-4-e2b,default_visual,0c94001ca943856202d8130a4306d30a9af432cc1404bcc602aaeb5b22322fa4,2026-07-23T16:15:17.290875+00:00,koper,koper,depan,"[""koper"", ""lantai""]",tidak_ada,Sebuah koper berwarna gelap diletakkan di atas lantai keramik terang di dalam ruangan. Objek tersebut mendominasi area depan gambar.,Sebuah koper berwarna gelap diletakkan di atas lantai keramik terang di dalam ruangan. Objek tersebut mendominasi area depan gambar.,not_applicable,,,,33661,33665,98879978df3e74bbc236487ff60568b7416ae763a9df38b885a23fb3c6228470,7c8baf31a5d47fb04aad4e336e95e9376ed659c4c71901c2ff7b6d2b6d6066ec
b9953395-f6ea-4a66-84c8-9f23695a13ab,150.0,1,images/dataset_v2_clean/b9953395-f6ea-4a66-84c8-9f23695a13ab.jpg,3d229133faf35cd226ac588a816ac8feec8248d9e5fdeceb0717e883c6f52c3c,sensor_assisted,37e222ed136c428eb82e97a944cee836,google/gemma-4-e2b,sensor_conditioned,6cdd1810facdbc9b6a58d495a08776fdefaeee249c5f39567565338b8ec8e12e,2026-07-23T16:27:30.069818+00:00,koper,koper,tengah,"[""koper"", ""lantai"", ""dinding""]",tidak_ada,Sebuah koper hitam diletakkan di atas lantai keramik di depan dinding berwarna terang. Tidak ada hambatan signifikan yang terlihat dalam gambar ini.,"Sebuah koper hitam diletakkan di atas lantai keramik di depan dinding berwarna terang. Tidak ada hambatan signifikan yang terlihat dalam gambar ini yang tampak sebagai objek terdekat dari kamera, dengan estimasi jarak sekitar 150.2 cm.",applied,145.52,146.14,150.25,43930,43934,1f1639f3a6cc2f0a39a9f4ebe991b0e900d2ace4fc41b949ca9c840b385d8a95,b5990397559862c1fca2193473fa5e95ac0f4854376a8b19a20bfdd1b26ecf61
16fac600-2de1-4026-8925-63060e19e153,150.0,2,images/dataset_v2_clean/16fac600-2de1-4026-8925-63060e19e153.jpg,313b5771b8af95a479d03af2edab9dab10c84aa2e6ec1591d2e84807ef928475,gemma_only,0c915b7a8c964427b5c9aca80740d882,google/gemma-4-e2b,default_visual,0c94001ca943856202d8130a4306d30a9af432cc1404bcc602aaeb5b22322fa4,2026-07-23T16:15:45.412376+00:00,koper/tas,koper/tas,tengah,"[""lantai"", ""dinding""]",tidak_ada,Gambar ini menampilkan sebuah koper berwarna hitam diletakkan di atas lantai keramik putih di dalam ruangan. Latar belakangnya adalah dinding polos berwarna terang.,Gambar ini menampilkan sebuah koper berwarna hitam diletakkan di atas lantai keramik putih di dalam ruangan. Latar belakangnya adalah dinding polos berwarna terang.,not_applicable,,,,27913,27916,a4d1a0040ed42d35aa649e7dd18b8963da2f8e001e6064445fd11ea08afd7d5d,50ec6a8cf27ce7d0ed2228ecafdb172dd5ba716fdf1f4d0753925fab669bc7e4
16fac600-2de1-4026-8925-63060e19e153,150.0,2,images/dataset_v2_clean/16fac600-2de1-4026-8925-63060e19e153.jpg,313b5771b8af95a479d03af2edab9dab10c84aa2e6ec1591d2e84807ef928475,sensor_assisted,80d122c4313a42b0afc1d1882085f88c,google/gemma-4-e2b,sensor_conditioned,2bf262a1165d74bad60b2a32b2f4e2669272a402ae1f0a7746b3927b4b25d727,2026-07-23T16:28:12.800520+00:00,koper,koper,tengah,"[""koper"", ""lantai"", ""dinding""]",tidak ada hambatan signifikan yang tampak,Gambar ini menampilkan sebuah koper besar berwarna gelap yang diletakkan di atas lantai keramik ruangan indoor. Objek tersebut berada tepat di tengah bingkai dengan latar belakang dinding polos.,"Gambar ini menampilkan sebuah koper besar berwarna gelap yang diletakkan di atas lantai keramik ruangan indoor. Objek tersebut berada tepat di tengah bingkai dengan latar belakang dinding polos yang tampak sebagai objek terdekat dari kamera, dengan estimasi jarak sekitar 150.5 cm.",applied,145.95,146.14,150.48,42238,42242,d8dc510fcc512ceb45bf9bb4d41eab97d9d04d5a133a5ea7a205663a34bdeb8f,9a7e71d97161e57c05b1252a2b9f87b49c8bd008817aa3d0c394bf3dfb662b40
c0aea9f6-0ef3-47ec-9564-572e93fdcdcf,150.0,3,images/dataset_v2_clean/c0aea9f6-0ef3-47ec-9564-572e93fdcdcf.jpg,7723c265d24854cc76c12a3d8176b565711f68779cee2924241c3f7a11f4ccea,gemma_only,b3e56e9b75dd4f788bce0e9fe356a0a9,google/gemma-4-e2b,default_visual,0c94001ca943856202d8130a4306d30a9af432cc1404bcc602aaeb5b22322fa4,2026-07-23T16:16:15.914707+00:00,koper,koper,tengah,"[""koper"", ""lantai""]",tidak ada hambatan signifikan,Sebuah koper hitam diletakkan di atas lantai keramik dalam ruangan. Latar belakangnya adalah dinding polos dan lantai berwarna putih.,Sebuah koper hitam diletakkan di atas lantai keramik dalam ruangan. Latar belakangnya adalah dinding polos dan lantai berwarna putih.,not_applicable,,,,30066,30069,2621b4b6503bd8326d6954f261d32e268b6229050dccadbbe88b9d899e7c4c74,f63ffaccb55ae151ba5dba2948bc2caa0f7a8dce3561b8db5817de397a5fde4f
c0aea9f6-0ef3-47ec-9564-572e93fdcdcf,150.0,3,images/dataset_v2_clean/c0aea9f6-0ef3-47ec-9564-572e93fdcdcf.jpg,7723c265d24854cc76c12a3d8176b565711f68779cee2924241c3f7a11f4ccea,sensor_assisted,c1348a0111c84a34aac2778a298027ac,google/gemma-4-e2b,sensor_conditioned,6e0a22972946408cdaf07f98424d4be0e13ceb133b0e153e14d06943cc66af44,2026-07-23T16:28:57.507546+00:00,koper,koper,tengah,"[""koper""]",tidak_ada,Sebuah koper hitam diletakkan di lantai keramik putih dalam lingkungan indoor. Objek tersebut mendominasi bagian tengah gambar dan tampak jelas.,"Sebuah koper hitam diletakkan di lantai keramik putih dalam lingkungan indoor. Objek tersebut mendominasi bagian tengah gambar dan tampak jelas yang tampak sebagai objek terdekat dari kamera, dengan estimasi jarak sekitar 150.1 cm.",applied,145.4,146.0,150.12,44533,44536,e1e9f0ab7d3d95ed13657087cf00be9a466fcec0d9135c4c3d16ae15ec139cde,050ee0dc8e5e02a89136b527931e91d1c9a9c51431ffba1f943eef47119a7754
ea20341d-ae41-4891-ac30-ae5b89c8d3f5,200.0,1,images/dataset_v2_clean/ea20341d-ae41-4891-ac30-ae5b89c8d3f5.jpg,541d7eba87c58124e691a94ccf47f22c925fbfdd3119bb284abea31d05ad6d2a,gemma_only,65cf95b4db3749b6a94004273c4b37cf,google/gemma-4-e2b,default_visual,0c94001ca943856202d8130a4306d30a9af432cc1404bcc602aaeb5b22322fa4,2026-07-23T16:16:47.662353+00:00,koper/tas hitam,koper/tas hitam,tengah,"[""lantai keramik"", ""dinding""]",tidak_ada,Sebuah koper berwarna hitam diletakkan di atas lantai keramik putih di dalam ruangan. Objek tersebut menjadi fokus utama dalam bingkai gambar.,Sebuah koper berwarna hitam diletakkan di atas lantai keramik putih di dalam ruangan. Objek tersebut menjadi fokus utama dalam bingkai gambar.,not_applicable,,,,31456,31459,84c572895a7783454e8b316adc157279dc7d821812b3e52e811d71d415904b63,2633cbea1f577e7d992d3f42f412ba11bde6034a564cca2df7f3431ee672305e
ea20341d-ae41-4891-ac30-ae5b89c8d3f5,200.0,1,images/dataset_v2_clean/ea20341d-ae41-4891-ac30-ae5b89c8d3f5.jpg,541d7eba87c58124e691a94ccf47f22c925fbfdd3119bb284abea31d05ad6d2a,sensor_assisted,247c521f932b41a996b215d01fc2205c,google/gemma-4-e2b,sensor_conditioned,785bcbbca57d3bd51f2067ec97def3340e038bb56274c8dde40c654945de12ea,2026-07-23T16:29:40.856962+00:00,koper,koper,tengah,"[""koper"", ""lantai""]",tidak_diketahui,Gambar menunjukkan lingkungan indoor dengan lantai keramik dan dinding berwarna terang. Objek utama adalah sebuah koper hitam yang diletakkan di tengah lantai.,"Gambar menunjukkan lingkungan indoor dengan lantai keramik dan dinding berwarna terang. Objek utama adalah sebuah koper hitam yang diletakkan di tengah lantai yang tampak sebagai objek terdekat dari kamera, dengan estimasi jarak sekitar 201.6 cm.",applied,196.13,196.26,201.61,42951,42955,3eaad1b04d359ccf5a031eb5f8640b871ec64c1de710d692a26cae0f288513f1,1299203fd6c63e399f1e6d19529bec84195a42de7ab82da9527f3fae25c2bfa8
560e1c4e-7e28-4f7a-b4dd-16a0f924eaa2,200.0,2,images/dataset_v2_clean/560e1c4e-7e28-4f7a-b4dd-16a0f924eaa2.jpg,231f97c9d54c4f47de55a9c275880317810f14e9a4698d8cc88dde878af8a542,gemma_only,ab566d4d8b35482ab143872c183dc359,google/gemma-4-e2b,default_visual,0c94001ca943856202d8130a4306d30a9af432cc1404bcc602aaeb5b22322fa4,2026-07-23T16:17:16.753365+00:00,koper,koper,tengah,"[""lantai"", ""dinding""]",tidak_ada,Gambar menunjukkan sebuah koper berwarna gelap diletakkan di lantai ruangan berubin. Latar belakang adalah dinding polos dan lantai keramik putih.,Gambar menunjukkan sebuah koper berwarna gelap diletakkan di lantai ruangan berubin. Latar belakang adalah dinding polos dan lantai keramik putih.,not_applicable,,,,28678,28682,e811fea7cd9be209a35b1fee43d17faf003b0414922ef688e401e48964a113b6,91c1bc91dbd71345b88adda83fca613a45531f26ead6f2dc840cedb50bcaa8c5
560e1c4e-7e28-4f7a-b4dd-16a0f924eaa2,200.0,2,images/dataset_v2_clean/560e1c4e-7e28-4f7a-b4dd-16a0f924eaa2.jpg,231f97c9d54c4f47de55a9c275880317810f14e9a4698d8cc88dde878af8a542,sensor_assisted,faee0f11c7494682a9fce59cee1d95aa,google/gemma-4-e2b,sensor_conditioned,34c332cb75f2bce63523bf0a98ab3c844f85a003f28ab83ab7ed99e8cb7aff7b,2026-07-23T16:30:24.712871+00:00,koper,koper,tengah,"[""koper""]",tidak_ada,Gambar ini menampilkan sebuah koper hitam besar yang diletakkan di lantai ruangan indoor. Latar belakangnya adalah dinding berwarna terang dan lantai keramik putih.,"Gambar ini menampilkan sebuah koper hitam besar yang diletakkan di lantai ruangan indoor. Latar belakangnya adalah dinding berwarna terang dan lantai keramik putih yang tampak sebagai objek terdekat dari kamera, dengan estimasi jarak sekitar 201.4 cm.",applied,195.77,196.25,201.41,43383,43387,19352ab2cc88f8f248d3da17a0a5c13f685459556d3b05cf8e0d84cc9e3cc3a6,bba78d546bb0a6ea485e8eaf60bcf8ece84c25035e9960bd5c102a6cb0befd8d
2a6c0c81-5047-4788-abae-60b1f78f948b,200.0,3,images/dataset_v2_clean/2a6c0c81-5047-4788-abae-60b1f78f948b.jpg,1a121b4cb78e26c5bc395ef5af558c5daa4cc9d22dcfd20ec84f1a90005d451b,gemma_only,f10455dd31834befae3c7244e20dbbd4,google/gemma-4-e2b,default_visual,0c94001ca943856202d8130a4306d30a9af432cc1404bcc602aaeb5b22322fa4,2026-07-23T16:17:47.773788+00:00,koper atau kotak penyimpanan,koper atau kotak penyimpanan,tengah,"[""lantai"", ""dinding"", ""koper""]",tidak_ada,Gambar menunjukkan sebuah koper besar berwarna gelap yang diletakkan di atas lantai keramik putih di dalam ruangan. Latar belakangnya adalah dinding polos dan lantai berubin.,Gambar menunjukkan sebuah koper besar berwarna gelap yang diletakkan di atas lantai keramik putih di dalam ruangan. Latar belakangnya adalah dinding polos dan lantai berubin.,not_applicable,,,,30852,30856,3a4c1969fcd8eaefe18ce928bf1c596599b0280ec774266709f26545a93eb321,5982aadf357d51c9d569d96fd1b177875af9b0e810db81fcbd95f5082bab8219
2a6c0c81-5047-4788-abae-60b1f78f948b,200.0,3,images/dataset_v2_clean/2a6c0c81-5047-4788-abae-60b1f78f948b.jpg,1a121b4cb78e26c5bc395ef5af558c5daa4cc9d22dcfd20ec84f1a90005d451b,sensor_assisted,68273c28d5004cfaa37cba292383a921,google/gemma-4-e2b,sensor_conditioned,5ebcb555ca49258e9b67145e8d9c3c34426fbee6f88808180549efa90a0eb1ea,2026-07-23T16:31:12.122695+00:00,koper,koper,tengah,"[""koper""]",tidak ada hambatan signifikan yang terlihat,Sebuah koper berwarna gelap dengan roda tampak berada di lantai berubin ruangan indoor. Lingkungan tampak bersih dengan dinding dan lantai berwarna terang.,"Sebuah koper berwarna gelap dengan roda tampak berada di lantai berubin ruangan indoor. Lingkungan tampak bersih dengan dinding dan lantai berwarna terang yang tampak sebagai objek terdekat dari kamera, dengan estimasi jarak sekitar 201.8 cm.",applied,196.18,196.66,201.83,47361,47365,36e41e8f8569193d7bc93d0d3b1623db613ca56978b46a82f3f3386b363fdad9,01f1401a9014f3a5a66ff8da4a303816d4ebfeb094f777c7a0fe4e360f8cfbea
