timestamp,image_name,mode,description_gemma,main_object,object_position,scene_type,nearest_region,distance_category,estimated_distance,safe_direction,fusion_policy,final_description,gemma_latency_ms,depth_latency_ms,total_latency_ms,error,source_modes,latency_basis
,1 (1030).jpg,gemma_depth_legacy_controlled,Tampak deretan mesin cuci berwarna putih yang berjejer di sepanjang dinding ruangan. Lantai ruangan ditutupi ubin biru.,Mesin cuci/pengering pakaian,depan,indoor,lower_right,sedang,sedang secara relatif,kiri,legacy_verbose,"Tampak deretan mesin cuci berwarna putih yang berjejer di sepanjang dinding ruangan. Lantai ruangan ditutupi ubin biru. Berdasarkan estimasi kedalaman relatif, bagian bawah-kanan merupakan area yang paling dekat dibanding area lain, dengan kategori kedalaman relatif sedang. Area bawah-kanan terbaca pada jarak relatif sedang, sehingga tidak otomatis diperlakukan sebagai halangan visual dekat. Region kiri terbaca relatif lebih lapang menurut estimasi depth, bukan berarti bebas objek.",11408,1830,13238,,gemma_only+shared_depth,component_inference_sum
,1 (1030).jpg,gemma_depth_constrained_controlled,Tampak deretan mesin cuci berwarna putih yang berjejer di sepanjang dinding ruangan. Lantai ruangan ditutupi ubin biru.,Mesin cuci/pengering pakaian,depan,indoor,lower_right,sedang,sedang secara relatif,kiri,evidence_constrained,"Tampak deretan mesin cuci berwarna putih yang berjejer di sepanjang dinding ruangan. Lantai ruangan ditutupi ubin biru. Berdasarkan grid depth 3x3, region bawah-kanan memiliki kategori kedalaman relatif sedang dibanding region lain dalam citra.",11408,1830,13238,,gemma_only+shared_depth,component_inference_sum
,1 (34).jpg,gemma_depth_legacy_controlled,"Gambar menunjukkan interior ruangan dengan lantai kayu dan perabotan kayu. Terdapat meja panjang di tengah dengan lampu dan vas bunga, serta kursi-kursi di kedua sisi.",Perabotan kayu dan lantai,tengah,indoor,lower_right,sedang,sedang secara relatif,tengah,legacy_verbose,"Gambar menunjukkan interior ruangan dengan lantai kayu dan perabotan kayu. Terdapat meja panjang di tengah dengan lampu dan vas bunga, serta kursi-kursi di kedua sisi. Berdasarkan estimasi kedalaman relatif, bagian bawah-kanan merupakan area yang paling dekat dibanding area lain, dengan kategori kedalaman relatif sedang. Area bawah-kanan terbaca pada jarak relatif sedang, sehingga tidak otomatis diperlakukan sebagai halangan visual dekat. Region tengah terbaca relatif lebih lapang menurut estimasi depth, bukan berarti bebas objek.",11022,870,11892,,gemma_only+shared_depth,component_inference_sum
,1 (34).jpg,gemma_depth_constrained_controlled,"Gambar menunjukkan interior ruangan dengan lantai kayu dan perabotan kayu. Terdapat meja panjang di tengah dengan lampu dan vas bunga, serta kursi-kursi di kedua sisi.",Perabotan kayu dan lantai,tengah,indoor,lower_right,sedang,sedang secara relatif,tengah,evidence_constrained,"Gambar menunjukkan interior ruangan dengan lantai kayu dan perabotan kayu. Terdapat meja panjang di tengah dengan lampu dan vas bunga, serta kursi-kursi di kedua sisi. Berdasarkan grid depth 3x3, region bawah-kanan memiliki kategori kedalaman relatif sedang dibanding region lain dalam citra.",11022,870,11892,,gemma_only+shared_depth,component_inference_sum
,1 (6082).jpg,gemma_depth_legacy_controlled,Gambar menunjukkan interior koridor atau lorong ruangan dengan lantai berwarna terang dan pagar kayu di kedua sisi. Terdapat jendela yang terlihat di dinding sisi kanan.,koridor,tengah,indoor,lower_right,jauh,jauh secara relatif,tengah,legacy_verbose,"Gambar menunjukkan interior koridor atau lorong ruangan dengan lantai berwarna terang dan pagar kayu di kedua sisi. Terdapat jendela yang terlihat di dinding sisi kanan. Berdasarkan estimasi kedalaman relatif, bagian bawah-kanan merupakan area yang paling dekat dibanding area lain, dengan kategori kedalaman relatif jauh. Area bawah-kanan tidak menunjukkan potensi halangan visual yang kuat karena masih berada pada kategori kedalaman relatif jauh. Region tengah terbaca relatif lebih lapang menurut estimasi depth, bukan berarti bebas objek.",10123,818,10941,,gemma_only+shared_depth,component_inference_sum
,1 (6082).jpg,gemma_depth_constrained_controlled,Gambar menunjukkan interior koridor atau lorong ruangan dengan lantai berwarna terang dan pagar kayu di kedua sisi. Terdapat jendela yang terlihat di dinding sisi kanan.,koridor,tengah,indoor,lower_right,jauh,jauh secara relatif,tengah,evidence_constrained,"Gambar menunjukkan interior koridor atau lorong ruangan dengan lantai berwarna terang dan pagar kayu di kedua sisi. Terdapat jendela yang terlihat di dinding sisi kanan. Berdasarkan grid depth 3x3, region bawah-kanan memiliki kategori kedalaman relatif jauh dibanding region lain dalam citra.",10123,818,10941,,gemma_only+shared_depth,component_inference_sum
,1 (6083).jpg,gemma_depth_legacy_controlled,Gambar menunjukkan deretan peralatan olahraga berupa palang paralel yang dipasang di dinding ruangan. Peralatan tersebut terbentang secara horizontal di lantai.,Peralatan olahraga,tengah,indoor,middle_right,jauh,jauh secara relatif,kiri,legacy_verbose,"Gambar menunjukkan deretan peralatan olahraga berupa palang paralel yang dipasang di dinding ruangan. Peralatan tersebut terbentang secara horizontal di lantai. Berdasarkan estimasi kedalaman relatif, bagian tengah-kanan merupakan area yang paling dekat dibanding area lain, dengan kategori kedalaman relatif jauh. Area tengah-kanan tidak menunjukkan potensi halangan visual yang kuat karena masih berada pada kategori kedalaman relatif jauh. Region kiri terbaca relatif lebih lapang menurut estimasi depth, bukan berarti bebas objek.",9647,831,10478,,gemma_only+shared_depth,component_inference_sum
,1 (6083).jpg,gemma_depth_constrained_controlled,Gambar menunjukkan deretan peralatan olahraga berupa palang paralel yang dipasang di dinding ruangan. Peralatan tersebut terbentang secara horizontal di lantai.,Peralatan olahraga,tengah,indoor,middle_right,jauh,jauh secara relatif,kiri,evidence_constrained,"Gambar menunjukkan deretan peralatan olahraga berupa palang paralel yang dipasang di dinding ruangan. Peralatan tersebut terbentang secara horizontal di lantai. Berdasarkan grid depth 3x3, region tengah-kanan memiliki kategori kedalaman relatif jauh dibanding region lain dalam citra.",9647,831,10478,,gemma_only+shared_depth,component_inference_sum
,1 (6169).jpg,gemma_depth_legacy_controlled,Gambar menunjukkan interior koridor atau ruangan dengan dinding putih dan lantai kayu berwarna cokelat muda. Terdapat bangku panjang dari kayu yang membentang di sisi kanan gambar.,Interior ruangan/koridor,tengah,indoor,lower_right,sedang,sedang secara relatif,tengah,legacy_verbose,"Gambar menunjukkan interior koridor atau ruangan dengan dinding putih dan lantai kayu berwarna cokelat muda. Terdapat bangku panjang dari kayu yang membentang di sisi kanan gambar. Berdasarkan estimasi kedalaman relatif, bagian bawah-kanan merupakan area yang paling dekat dibanding area lain, dengan kategori kedalaman relatif sedang. Area bawah-kanan terbaca pada jarak relatif sedang, sehingga tidak otomatis diperlakukan sebagai halangan visual dekat. Region tengah terbaca relatif lebih lapang menurut estimasi depth, bukan berarti bebas objek.",11375,841,12216,,gemma_only+shared_depth,component_inference_sum
,1 (6169).jpg,gemma_depth_constrained_controlled,Gambar menunjukkan interior koridor atau ruangan dengan dinding putih dan lantai kayu berwarna cokelat muda. Terdapat bangku panjang dari kayu yang membentang di sisi kanan gambar.,Interior ruangan/koridor,tengah,indoor,lower_right,sedang,sedang secara relatif,tengah,evidence_constrained,"Gambar menunjukkan interior koridor atau ruangan dengan dinding putih dan lantai kayu berwarna cokelat muda. Terdapat bangku panjang dari kayu yang membentang di sisi kanan gambar. Berdasarkan grid depth 3x3, region bawah-kanan memiliki kategori kedalaman relatif sedang dibanding region lain dalam citra.",11375,841,12216,,gemma_only+shared_depth,component_inference_sum
,1 (6845).jpg,gemma_depth_legacy_controlled,"Gambar menunjukkan area interior dengan lantai berubin dan karpet oranye. Terdapat tangga batu dan panel kayu di sisi kiri, serta pintu kaca besar di sisi kanan yang menghadap ke luar.",Area Interior,tengah,indoor,lower_right,sedang,sedang secara relatif,tengah,legacy_verbose,"Gambar menunjukkan area interior dengan lantai berubin dan karpet oranye. Terdapat tangga batu dan panel kayu di sisi kiri, serta pintu kaca besar di sisi kanan yang menghadap ke luar. Berdasarkan estimasi kedalaman relatif, bagian bawah-kanan merupakan area yang paling dekat dibanding area lain, dengan kategori kedalaman relatif sedang. Area bawah-kanan terbaca pada jarak relatif sedang, sehingga tidak otomatis diperlakukan sebagai halangan visual dekat. Region tengah terbaca relatif lebih lapang menurut estimasi depth, bukan berarti bebas objek.",10676,811,11487,,gemma_only+shared_depth,component_inference_sum
,1 (6845).jpg,gemma_depth_constrained_controlled,"Gambar menunjukkan area interior dengan lantai berubin dan karpet oranye. Terdapat tangga batu dan panel kayu di sisi kiri, serta pintu kaca besar di sisi kanan yang menghadap ke luar.",Area Interior,tengah,indoor,lower_right,sedang,sedang secara relatif,tengah,evidence_constrained,"Gambar menunjukkan area interior dengan lantai berubin dan karpet oranye. Terdapat tangga batu dan panel kayu di sisi kiri, serta pintu kaca besar di sisi kanan yang menghadap ke luar. Berdasarkan grid depth 3x3, region bawah-kanan memiliki kategori kedalaman relatif sedang dibanding region lain dalam citra.",10676,811,11487,,gemma_only+shared_depth,component_inference_sum
,1 (7245).jpg,gemma_depth_legacy_controlled,Gambar menunjukkan sebuah koridor indoor yang panjang dengan dinding berwarna terang dan lantai reflektif. Koridor tersebut membentang ke kejauhan di kedua sisi.,koridor,tengah,indoor,lower_left,jauh,jauh secara relatif,tengah,legacy_verbose,"Gambar menunjukkan sebuah koridor indoor yang panjang dengan dinding berwarna terang dan lantai reflektif. Koridor tersebut membentang ke kejauhan di kedua sisi. Berdasarkan estimasi kedalaman relatif, bagian bawah-kiri merupakan area yang paling dekat dibanding area lain, dengan kategori kedalaman relatif jauh. Area bawah-kiri tidak menunjukkan potensi halangan visual yang kuat karena masih berada pada kategori kedalaman relatif jauh. Region tengah terbaca relatif lebih lapang menurut estimasi depth, bukan berarti bebas objek.",10054,787,10841,,gemma_only+shared_depth,component_inference_sum
,1 (7245).jpg,gemma_depth_constrained_controlled,Gambar menunjukkan sebuah koridor indoor yang panjang dengan dinding berwarna terang dan lantai reflektif. Koridor tersebut membentang ke kejauhan di kedua sisi.,koridor,tengah,indoor,lower_left,jauh,jauh secara relatif,tengah,evidence_constrained,"Gambar menunjukkan sebuah koridor indoor yang panjang dengan dinding berwarna terang dan lantai reflektif. Koridor tersebut membentang ke kejauhan di kedua sisi. Berdasarkan grid depth 3x3, region bawah-kiri memiliki kategori kedalaman relatif jauh dibanding region lain dalam citra.",10054,787,10841,,gemma_only+shared_depth,component_inference_sum
,1 (7248).jpg,gemma_depth_legacy_controlled,Gambar menunjukkan sebuah koridor indoor yang panjang dengan dinding berwarna terang dan lantai berwarna krem. Di ujung koridor terdapat sebuah ruangan dengan dinding berwarna merah.,koridor,tengah,indoor,lower_left,sedang,sedang secara relatif,tengah,legacy_verbose,"Gambar menunjukkan sebuah koridor indoor yang panjang dengan dinding berwarna terang dan lantai berwarna krem. Di ujung koridor terdapat sebuah ruangan dengan dinding berwarna merah. Berdasarkan estimasi kedalaman relatif, bagian bawah-kiri merupakan area yang paling dekat dibanding area lain, dengan kategori kedalaman relatif sedang. Area bawah-kiri terbaca pada jarak relatif sedang, sehingga tidak otomatis diperlakukan sebagai halangan visual dekat. Region tengah terbaca relatif lebih lapang menurut estimasi depth, bukan berarti bebas objek.",9870,805,10675,,gemma_only+shared_depth,component_inference_sum
,1 (7248).jpg,gemma_depth_constrained_controlled,Gambar menunjukkan sebuah koridor indoor yang panjang dengan dinding berwarna terang dan lantai berwarna krem. Di ujung koridor terdapat sebuah ruangan dengan dinding berwarna merah.,koridor,tengah,indoor,lower_left,sedang,sedang secara relatif,tengah,evidence_constrained,"Gambar menunjukkan sebuah koridor indoor yang panjang dengan dinding berwarna terang dan lantai berwarna krem. Di ujung koridor terdapat sebuah ruangan dengan dinding berwarna merah. Berdasarkan grid depth 3x3, region bawah-kiri memiliki kategori kedalaman relatif sedang dibanding region lain dalam citra.",9870,805,10675,,gemma_only+shared_depth,component_inference_sum
,1 (7252).jpg,gemma_depth_legacy_controlled,Gambar menunjukkan lorong panjang di dalam ruangan dengan dinding berwarna terang dan lantai berwarna cokelat kekuningan. Lorong ini membentang ke kejauhan dengan pencahayaan yang merata.,Lorong,tengah,indoor,middle_right,jauh,jauh secara relatif,tengah,legacy_verbose,"Gambar menunjukkan lorong panjang di dalam ruangan dengan dinding berwarna terang dan lantai berwarna cokelat kekuningan. Lorong ini membentang ke kejauhan dengan pencahayaan yang merata. Berdasarkan estimasi kedalaman relatif, bagian tengah-kanan merupakan area yang paling dekat dibanding area lain, dengan kategori kedalaman relatif jauh. Area tengah-kanan tidak menunjukkan potensi halangan visual yang kuat karena masih berada pada kategori kedalaman relatif jauh. Region tengah terbaca relatif lebih lapang menurut estimasi depth, bukan berarti bebas objek.",10965,779,11744,,gemma_only+shared_depth,component_inference_sum
,1 (7252).jpg,gemma_depth_constrained_controlled,Gambar menunjukkan lorong panjang di dalam ruangan dengan dinding berwarna terang dan lantai berwarna cokelat kekuningan. Lorong ini membentang ke kejauhan dengan pencahayaan yang merata.,Lorong,tengah,indoor,middle_right,jauh,jauh secara relatif,tengah,evidence_constrained,"Gambar menunjukkan lorong panjang di dalam ruangan dengan dinding berwarna terang dan lantai berwarna cokelat kekuningan. Lorong ini membentang ke kejauhan dengan pencahayaan yang merata. Berdasarkan grid depth 3x3, region tengah-kanan memiliki kategori kedalaman relatif jauh dibanding region lain dalam citra.",10965,779,11744,,gemma_only+shared_depth,component_inference_sum
,1 (7254).jpg,gemma_depth_legacy_controlled,Gambar menunjukkan sebuah koridor indoor yang panjang dengan lantai mengkilap. Di sisi kanan terdapat deretan lemari pajangan kaca yang memanjang di sepanjang lorong.,koridor,tengah,indoor,middle_right,jauh,jauh secara relatif,tengah,legacy_verbose,"Gambar menunjukkan sebuah koridor indoor yang panjang dengan lantai mengkilap. Di sisi kanan terdapat deretan lemari pajangan kaca yang memanjang di sepanjang lorong. Berdasarkan estimasi kedalaman relatif, bagian tengah-kanan merupakan area yang paling dekat dibanding area lain, dengan kategori kedalaman relatif jauh. Area tengah-kanan tidak menunjukkan potensi halangan visual yang kuat karena masih berada pada kategori kedalaman relatif jauh. Region tengah terbaca relatif lebih lapang menurut estimasi depth, bukan berarti bebas objek.",10097,882,10979,,gemma_only+shared_depth,component_inference_sum
,1 (7254).jpg,gemma_depth_constrained_controlled,Gambar menunjukkan sebuah koridor indoor yang panjang dengan lantai mengkilap. Di sisi kanan terdapat deretan lemari pajangan kaca yang memanjang di sepanjang lorong.,koridor,tengah,indoor,middle_right,jauh,jauh secara relatif,tengah,evidence_constrained,"Gambar menunjukkan sebuah koridor indoor yang panjang dengan lantai mengkilap. Di sisi kanan terdapat deretan lemari pajangan kaca yang memanjang di sepanjang lorong. Berdasarkan grid depth 3x3, region tengah-kanan memiliki kategori kedalaman relatif jauh dibanding region lain dalam citra.",10097,882,10979,,gemma_only+shared_depth,component_inference_sum
,1 (8391).jpg,gemma_depth_legacy_controlled,Gambar menunjukkan tangga kayu interior yang membentang di sepanjang dinding dengan pagar pembatas. Area tersebut tampak terang dan memiliki lantai kayu.,tangga,tengah,indoor,lower_right,jauh,jauh secara relatif,tengah,legacy_verbose,"Gambar menunjukkan tangga kayu interior yang membentang di sepanjang dinding dengan pagar pembatas. Area tersebut tampak terang dan memiliki lantai kayu. Berdasarkan estimasi kedalaman relatif, bagian bawah-kanan merupakan area yang paling dekat dibanding area lain, dengan kategori kedalaman relatif jauh. Area bawah-kanan tidak menunjukkan potensi halangan visual yang kuat karena masih berada pada kategori kedalaman relatif jauh. Region tengah terbaca relatif lebih lapang menurut estimasi depth, bukan berarti bebas objek.",8771,808,9579,,gemma_only+shared_depth,component_inference_sum
,1 (8391).jpg,gemma_depth_constrained_controlled,Gambar menunjukkan tangga kayu interior yang membentang di sepanjang dinding dengan pagar pembatas. Area tersebut tampak terang dan memiliki lantai kayu.,tangga,tengah,indoor,lower_right,jauh,jauh secara relatif,tengah,evidence_constrained,"Gambar menunjukkan tangga kayu interior yang membentang di sepanjang dinding dengan pagar pembatas. Area tersebut tampak terang dan memiliki lantai kayu. Berdasarkan grid depth 3x3, region bawah-kanan memiliki kategori kedalaman relatif jauh dibanding region lain dalam citra.",8771,808,9579,,gemma_only+shared_depth,component_inference_sum
,1 (8466).jpg,gemma_depth_legacy_controlled,Gambar menunjukkan area interior dapur dengan lemari kayu di sepanjang dinding dan meja dapur di bagian depan. Terdapat sebuah pintu masuk ke ruangan lain di latar belakang.,Dapur dan Lemari,depan,indoor,lower_right,dekat,dekat secara relatif,tengah,legacy_verbose,"Gambar menunjukkan area interior dapur dengan lemari kayu di sepanjang dinding dan meja dapur di bagian depan. Terdapat sebuah pintu masuk ke ruangan lain di latar belakang. Berdasarkan estimasi kedalaman relatif, bagian bawah-kanan merupakan area yang paling dekat dibanding area lain, dengan kategori kedalaman relatif dekat. Area bawah-kanan berpotensi menjadi halangan visual karena posisinya terbaca lebih dekat dibanding area lain. Region tengah terbaca relatif lebih lapang menurut estimasi depth, bukan berarti bebas objek.",9711,916,10627,,gemma_only+shared_depth,component_inference_sum
,1 (8466).jpg,gemma_depth_constrained_controlled,Gambar menunjukkan area interior dapur dengan lemari kayu di sepanjang dinding dan meja dapur di bagian depan. Terdapat sebuah pintu masuk ke ruangan lain di latar belakang.,Dapur dan Lemari,depan,indoor,lower_right,dekat,dekat secara relatif,tengah,evidence_constrained,"Gambar menunjukkan area interior dapur dengan lemari kayu di sepanjang dinding dan meja dapur di bagian depan. Terdapat sebuah pintu masuk ke ruangan lain di latar belakang. Berdasarkan grid depth 3x3, region bawah-kanan memiliki kategori kedalaman relatif dekat dibanding region lain dalam citra dan menunjukkan potensi halangan visual pada region tersebut.",9711,916,10627,,gemma_only+shared_depth,component_inference_sum
,1 (8477).jpg,gemma_depth_legacy_controlled,Gambar menunjukkan interior ruangan yang dilengkapi dengan sofa dan meja di depan jendela besar. Tata letak furnitur tampak simetris dan fokus pada area duduk.,Ruang tamu,tengah,indoor,lower_right,dekat,dekat secara relatif,tengah,legacy_verbose,"Gambar menunjukkan interior ruangan yang dilengkapi dengan sofa dan meja di depan jendela besar. Tata letak furnitur tampak simetris dan fokus pada area duduk. Berdasarkan estimasi kedalaman relatif, bagian bawah-kanan merupakan area yang paling dekat dibanding area lain, dengan kategori kedalaman relatif dekat. Area bawah-kanan berpotensi menjadi halangan visual karena posisinya terbaca lebih dekat dibanding area lain. Region tengah terbaca relatif lebih lapang menurut estimasi depth, bukan berarti bebas objek.",10062,791,10853,,gemma_only+shared_depth,component_inference_sum
,1 (8477).jpg,gemma_depth_constrained_controlled,Gambar menunjukkan interior ruangan yang dilengkapi dengan sofa dan meja di depan jendela besar. Tata letak furnitur tampak simetris dan fokus pada area duduk.,Ruang tamu,tengah,indoor,lower_right,dekat,dekat secara relatif,tengah,evidence_constrained,"Gambar menunjukkan interior ruangan yang dilengkapi dengan sofa dan meja di depan jendela besar. Tata letak furnitur tampak simetris dan fokus pada area duduk. Berdasarkan grid depth 3x3, region bawah-kanan memiliki kategori kedalaman relatif dekat dibanding region lain dalam citra dan menunjukkan potensi halangan visual pada region tersebut.",10062,791,10853,,gemma_only+shared_depth,component_inference_sum
,1 (8553).jpg,gemma_depth_legacy_controlled,"Gambar menunjukkan bagian dalam ruangan atau lorong dengan lantai kayu dan dinding berwarna krem. Terdapat beberapa pintu kayu yang terlihat di sisi kiri, kanan, dan tengah gambar.",Interior Hallway,tengah,indoor,lower_left,dekat,dekat secara relatif,tengah,legacy_verbose,"Gambar menunjukkan bagian dalam ruangan atau lorong dengan lantai kayu dan dinding berwarna krem. Terdapat beberapa pintu kayu yang terlihat di sisi kiri, kanan, dan tengah gambar. Berdasarkan estimasi kedalaman relatif, bagian bawah-kiri merupakan area yang paling dekat dibanding area lain, dengan kategori kedalaman relatif dekat. Area bawah-kiri berpotensi menjadi halangan visual karena posisinya terbaca lebih dekat dibanding area lain. Region tengah terbaca relatif lebih lapang menurut estimasi depth, bukan berarti bebas objek.",10071,746,10817,,gemma_only+shared_depth,component_inference_sum
,1 (8553).jpg,gemma_depth_constrained_controlled,"Gambar menunjukkan bagian dalam ruangan atau lorong dengan lantai kayu dan dinding berwarna krem. Terdapat beberapa pintu kayu yang terlihat di sisi kiri, kanan, dan tengah gambar.",Interior Hallway,tengah,indoor,lower_left,dekat,dekat secara relatif,tengah,evidence_constrained,"Gambar menunjukkan bagian dalam ruangan atau lorong dengan lantai kayu dan dinding berwarna krem. Terdapat beberapa pintu kayu yang terlihat di sisi kiri, kanan, dan tengah gambar. Berdasarkan grid depth 3x3, region bawah-kiri memiliki kategori kedalaman relatif dekat dibanding region lain dalam citra dan menunjukkan potensi halangan visual pada region tersebut.",10071,746,10817,,gemma_only+shared_depth,component_inference_sum
,indoor_001.webp,gemma_depth_legacy_controlled,Gambar menunjukkan interior ruangan dengan lantai keramik yang dipenuhi berbagai peralatan dan tumpukan barang. Area tersebut tampak sangat berantakan dengan banyak kabel dan perlengkapan elektronik.,Ruangan berantakan,tengah,indoor,lower_right,sedang,sedang secara relatif,tengah,legacy_verbose,"Gambar menunjukkan interior ruangan dengan lantai keramik yang dipenuhi berbagai peralatan dan tumpukan barang. Area tersebut tampak sangat berantakan dengan banyak kabel dan perlengkapan elektronik. Berdasarkan estimasi kedalaman relatif, bagian bawah-kanan merupakan area yang paling dekat dibanding area lain, dengan kategori kedalaman relatif sedang. Area bawah-kanan terbaca pada jarak relatif sedang, sehingga tidak otomatis diperlakukan sebagai halangan visual dekat. Region tengah terbaca relatif lebih lapang menurut estimasi depth, bukan berarti bebas objek.",11612,787,12399,,gemma_only+shared_depth,component_inference_sum
,indoor_001.webp,gemma_depth_constrained_controlled,Gambar menunjukkan interior ruangan dengan lantai keramik yang dipenuhi berbagai peralatan dan tumpukan barang. Area tersebut tampak sangat berantakan dengan banyak kabel dan perlengkapan elektronik.,Ruangan berantakan,tengah,indoor,lower_right,sedang,sedang secara relatif,tengah,evidence_constrained,"Gambar menunjukkan interior ruangan dengan lantai keramik yang dipenuhi berbagai peralatan dan tumpukan barang. Area tersebut tampak sangat berantakan dengan banyak kabel dan perlengkapan elektronik. Berdasarkan grid depth 3x3, region bawah-kanan memiliki kategori kedalaman relatif sedang dibanding region lain dalam citra.",11612,787,12399,,gemma_only+shared_depth,component_inference_sum
,indoor_002.webp,gemma_depth_legacy_controlled,Gambar menunjukkan interior ruangan dengan lantai keramik. Terdapat lemari penyimpanan berwarna hijau besar dan berbagai peralatan serta kabel yang tersebar di lantai.,Peralatan dan lemari penyimpanan,tengah,indoor,lower_right,sedang,sedang secara relatif,kiri,legacy_verbose,"Gambar menunjukkan interior ruangan dengan lantai keramik. Terdapat lemari penyimpanan berwarna hijau besar dan berbagai peralatan serta kabel yang tersebar di lantai. Berdasarkan estimasi kedalaman relatif, bagian bawah-kanan merupakan area yang paling dekat dibanding area lain, dengan kategori kedalaman relatif sedang. Area bawah-kanan terbaca pada jarak relatif sedang, sehingga tidak otomatis diperlakukan sebagai halangan visual dekat. Region kiri terbaca relatif lebih lapang menurut estimasi depth, bukan berarti bebas objek.",12060,744,12804,,gemma_only+shared_depth,component_inference_sum
,indoor_002.webp,gemma_depth_constrained_controlled,Gambar menunjukkan interior ruangan dengan lantai keramik. Terdapat lemari penyimpanan berwarna hijau besar dan berbagai peralatan serta kabel yang tersebar di lantai.,Peralatan dan lemari penyimpanan,tengah,indoor,lower_right,sedang,sedang secara relatif,kiri,evidence_constrained,"Gambar menunjukkan interior ruangan dengan lantai keramik. Terdapat lemari penyimpanan berwarna hijau besar dan berbagai peralatan serta kabel yang tersebar di lantai. Berdasarkan grid depth 3x3, region bawah-kanan memiliki kategori kedalaman relatif sedang dibanding region lain dalam citra.",12060,744,12804,,gemma_only+shared_depth,component_inference_sum
,indoor_003.webp,gemma_depth_legacy_controlled,Gambar menunjukkan pengaturan meja kerja indoor dengan kursi kantor dan beberapa perangkat elektronik. Terdapat banyak kabel yang terlihat berserakan di atas meja.,Meja kerja,tengah,indoor,lower_left,dekat,dekat secara relatif,kanan,legacy_verbose,"Gambar menunjukkan pengaturan meja kerja indoor dengan kursi kantor dan beberapa perangkat elektronik. Terdapat banyak kabel yang terlihat berserakan di atas meja. Berdasarkan estimasi kedalaman relatif, bagian bawah-kiri merupakan area yang paling dekat dibanding area lain, dengan kategori kedalaman relatif dekat. Area bawah-kiri berpotensi menjadi halangan visual karena posisinya terbaca lebih dekat dibanding area lain. Region kanan terbaca relatif lebih lapang menurut estimasi depth, bukan berarti bebas objek.",9041,804,9845,,gemma_only+shared_depth,component_inference_sum
,indoor_003.webp,gemma_depth_constrained_controlled,Gambar menunjukkan pengaturan meja kerja indoor dengan kursi kantor dan beberapa perangkat elektronik. Terdapat banyak kabel yang terlihat berserakan di atas meja.,Meja kerja,tengah,indoor,lower_left,dekat,dekat secara relatif,kanan,evidence_constrained,"Gambar menunjukkan pengaturan meja kerja indoor dengan kursi kantor dan beberapa perangkat elektronik. Terdapat banyak kabel yang terlihat berserakan di atas meja. Berdasarkan grid depth 3x3, region bawah-kiri memiliki kategori kedalaman relatif dekat dibanding region lain dalam citra dan menunjukkan potensi halangan visual pada region tersebut.",9041,804,9845,,gemma_only+shared_depth,component_inference_sum
,indoor_004.webp,gemma_depth_legacy_controlled,"Gambar menunjukkan area dalam ruangan dengan pintu kayu dan dinding berwarna kuning. Beberapa pakaian tergantung di dekat pintu, dan terdapat beberapa tas serta kotak yang tersusun di lantai.",Area penyimpanan dan pintu,tengah,indoor,lower_right,dekat,dekat secara relatif,kiri,legacy_verbose,"Gambar menunjukkan area dalam ruangan dengan pintu kayu dan dinding berwarna kuning. Beberapa pakaian tergantung di dekat pintu, dan terdapat beberapa tas serta kotak yang tersusun di lantai. Berdasarkan estimasi kedalaman relatif, bagian bawah-kanan merupakan area yang paling dekat dibanding area lain, dengan kategori kedalaman relatif dekat. Area bawah-kanan berpotensi menjadi halangan visual karena posisinya terbaca lebih dekat dibanding area lain. Region kiri terbaca relatif lebih lapang menurut estimasi depth, bukan berarti bebas objek.",10387,792,11179,,gemma_only+shared_depth,component_inference_sum
,indoor_004.webp,gemma_depth_constrained_controlled,"Gambar menunjukkan area dalam ruangan dengan pintu kayu dan dinding berwarna kuning. Beberapa pakaian tergantung di dekat pintu, dan terdapat beberapa tas serta kotak yang tersusun di lantai.",Area penyimpanan dan pintu,tengah,indoor,lower_right,dekat,dekat secara relatif,kiri,evidence_constrained,"Gambar menunjukkan area dalam ruangan dengan pintu kayu dan dinding berwarna kuning. Beberapa pakaian tergantung di dekat pintu, dan terdapat beberapa tas serta kotak yang tersusun di lantai. Berdasarkan grid depth 3x3, region bawah-kanan memiliki kategori kedalaman relatif dekat dibanding region lain dalam citra dan menunjukkan potensi halangan visual pada region tersebut.",10387,792,11179,,gemma_only+shared_depth,component_inference_sum
,indoor_005.webp,gemma_depth_legacy_controlled,Gambar menunjukkan lorong indoor yang sempit dengan lantai berubin. Terdapat sebuah lemari penyimpanan panjang di sisi kanan lorong yang berisi beberapa botol dan barang lainnya.,Lorong dan Lemari Penyimpanan,tengah,indoor,middle_right,dekat,dekat secara relatif,tengah,legacy_verbose,"Gambar menunjukkan lorong indoor yang sempit dengan lantai berubin. Terdapat sebuah lemari penyimpanan panjang di sisi kanan lorong yang berisi beberapa botol dan barang lainnya. Berdasarkan estimasi kedalaman relatif, bagian tengah-kanan merupakan area yang paling dekat dibanding area lain, dengan kategori kedalaman relatif dekat. Area tengah-kanan berpotensi menjadi halangan visual karena posisinya terbaca lebih dekat dibanding area lain. Region tengah terbaca relatif lebih lapang menurut estimasi depth, bukan berarti bebas objek.",11906,762,12668,,gemma_only+shared_depth,component_inference_sum
,indoor_005.webp,gemma_depth_constrained_controlled,Gambar menunjukkan lorong indoor yang sempit dengan lantai berubin. Terdapat sebuah lemari penyimpanan panjang di sisi kanan lorong yang berisi beberapa botol dan barang lainnya.,Lorong dan Lemari Penyimpanan,tengah,indoor,middle_right,dekat,dekat secara relatif,tengah,evidence_constrained,"Gambar menunjukkan lorong indoor yang sempit dengan lantai berubin. Terdapat sebuah lemari penyimpanan panjang di sisi kanan lorong yang berisi beberapa botol dan barang lainnya. Berdasarkan grid depth 3x3, region tengah-kanan memiliki kategori kedalaman relatif dekat dibanding region lain dalam citra dan menunjukkan potensi halangan visual pada region tersebut.",11906,762,12668,,gemma_only+shared_depth,component_inference_sum
,indoor_006.webp,gemma_depth_legacy_controlled,"Gambar menunjukkan area dapur indoor dengan lantai keramik dan dinding berubin. Terdapat kompor, beberapa wadah, dan botol air di latar depan.",Area Dapur,tengah,indoor,lower_left,dekat,dekat secara relatif,kanan,legacy_verbose,"Gambar menunjukkan area dapur indoor dengan lantai keramik dan dinding berubin. Terdapat kompor, beberapa wadah, dan botol air di latar depan. Berdasarkan estimasi kedalaman relatif, bagian bawah-kiri merupakan area yang paling dekat dibanding area lain, dengan kategori kedalaman relatif dekat. Area bawah-kiri berpotensi menjadi halangan visual karena posisinya terbaca lebih dekat dibanding area lain. Region kanan terbaca relatif lebih lapang menurut estimasi depth, bukan berarti bebas objek.",11156,747,11903,,gemma_only+shared_depth,component_inference_sum
,indoor_006.webp,gemma_depth_constrained_controlled,"Gambar menunjukkan area dapur indoor dengan lantai keramik dan dinding berubin. Terdapat kompor, beberapa wadah, dan botol air di latar depan.",Area Dapur,tengah,indoor,lower_left,dekat,dekat secara relatif,kanan,evidence_constrained,"Gambar menunjukkan area dapur indoor dengan lantai keramik dan dinding berubin. Terdapat kompor, beberapa wadah, dan botol air di latar depan. Berdasarkan grid depth 3x3, region bawah-kiri memiliki kategori kedalaman relatif dekat dibanding region lain dalam citra dan menunjukkan potensi halangan visual pada region tersebut.",11156,747,11903,,gemma_only+shared_depth,component_inference_sum
,indoor_007.webp,gemma_depth_legacy_controlled,"Gambar menunjukkan sudut ruangan indoor dengan dinding dan lantai berubin. Terdapat pintu terbuka yang mengarah ke area lain, serta beberapa kotak kardus dan alat pembersih di latar depan.",ruangan,tengah,indoor,lower_right,dekat,dekat secara relatif,tengah,legacy_verbose,"Gambar menunjukkan sudut ruangan indoor dengan dinding dan lantai berubin. Terdapat pintu terbuka yang mengarah ke area lain, serta beberapa kotak kardus dan alat pembersih di latar depan. Berdasarkan estimasi kedalaman relatif, bagian bawah-kanan merupakan area yang paling dekat dibanding area lain, dengan kategori kedalaman relatif dekat. Area bawah-kanan berpotensi menjadi halangan visual karena posisinya terbaca lebih dekat dibanding area lain. Region tengah terbaca relatif lebih lapang menurut estimasi depth, bukan berarti bebas objek.",10585,753,11338,,gemma_only+shared_depth,component_inference_sum
,indoor_007.webp,gemma_depth_constrained_controlled,"Gambar menunjukkan sudut ruangan indoor dengan dinding dan lantai berubin. Terdapat pintu terbuka yang mengarah ke area lain, serta beberapa kotak kardus dan alat pembersih di latar depan.",ruangan,tengah,indoor,lower_right,dekat,dekat secara relatif,tengah,evidence_constrained,"Gambar menunjukkan sudut ruangan indoor dengan dinding dan lantai berubin. Terdapat pintu terbuka yang mengarah ke area lain, serta beberapa kotak kardus dan alat pembersih di latar depan. Berdasarkan grid depth 3x3, region bawah-kanan memiliki kategori kedalaman relatif dekat dibanding region lain dalam citra dan menunjukkan potensi halangan visual pada region tersebut.",10585,753,11338,,gemma_only+shared_depth,component_inference_sum
,indoor_008.webp,gemma_depth_legacy_controlled,Gambar menunjukkan interior ruangan dengan lantai dan dinding berubin. Terdapat dua tempat sampah besar di lantai dan rak kecil di dinding.,Area kamar mandi/ruangan,tengah,indoor,middle_right,dekat,dekat secara relatif,kiri,legacy_verbose,"Gambar menunjukkan interior ruangan dengan lantai dan dinding berubin. Terdapat dua tempat sampah besar di lantai dan rak kecil di dinding. Berdasarkan estimasi kedalaman relatif, bagian tengah-kanan merupakan area yang paling dekat dibanding area lain, dengan kategori kedalaman relatif dekat. Area tengah-kanan berpotensi menjadi halangan visual karena posisinya terbaca lebih dekat dibanding area lain. Region kiri terbaca relatif lebih lapang menurut estimasi depth, bukan berarti bebas objek.",11430,799,12229,,gemma_only+shared_depth,component_inference_sum
,indoor_008.webp,gemma_depth_constrained_controlled,Gambar menunjukkan interior ruangan dengan lantai dan dinding berubin. Terdapat dua tempat sampah besar di lantai dan rak kecil di dinding.,Area kamar mandi/ruangan,tengah,indoor,middle_right,dekat,dekat secara relatif,kiri,evidence_constrained,"Gambar menunjukkan interior ruangan dengan lantai dan dinding berubin. Terdapat dua tempat sampah besar di lantai dan rak kecil di dinding. Berdasarkan grid depth 3x3, region tengah-kanan memiliki kategori kedalaman relatif dekat dibanding region lain dalam citra dan menunjukkan potensi halangan visual pada region tersebut.",11430,799,12229,,gemma_only+shared_depth,component_inference_sum
,indoor_009.webp,gemma_depth_legacy_controlled,Gambar menunjukkan interior kamar mandi dengan dinding dan lantai berubin. Terdapat bak mandi dan beberapa wadah penyimpanan di area tersebut.,Area kamar mandi,tengah,indoor,lower_right,jauh,jauh secara relatif,tengah,legacy_verbose,"Gambar menunjukkan interior kamar mandi dengan dinding dan lantai berubin. Terdapat bak mandi dan beberapa wadah penyimpanan di area tersebut. Berdasarkan estimasi kedalaman relatif, bagian bawah-kanan merupakan area yang paling dekat dibanding area lain, dengan kategori kedalaman relatif jauh. Area bawah-kanan tidak menunjukkan potensi halangan visual yang kuat karena masih berada pada kategori kedalaman relatif jauh. Region tengah terbaca relatif lebih lapang menurut estimasi depth, bukan berarti bebas objek.",9933,841,10774,,gemma_only+shared_depth,component_inference_sum
,indoor_009.webp,gemma_depth_constrained_controlled,Gambar menunjukkan interior kamar mandi dengan dinding dan lantai berubin. Terdapat bak mandi dan beberapa wadah penyimpanan di area tersebut.,Area kamar mandi,tengah,indoor,lower_right,jauh,jauh secara relatif,tengah,evidence_constrained,"Gambar menunjukkan interior kamar mandi dengan dinding dan lantai berubin. Terdapat bak mandi dan beberapa wadah penyimpanan di area tersebut. Berdasarkan grid depth 3x3, region bawah-kanan memiliki kategori kedalaman relatif jauh dibanding region lain dalam citra.",9933,841,10774,,gemma_only+shared_depth,component_inference_sum
,indoor_010.webp,gemma_depth_legacy_controlled,Gambar menunjukkan area wastafel di dalam ruangan dengan ubin dinding berpola kotak-kotak. Di atas wastafel terdapat beberapa wadah logam dan rak penyimpanan.,wastafel dan area kamar mandi,tengah,indoor,lower_right,dekat,dekat secara relatif,kiri,legacy_verbose,"Gambar menunjukkan area wastafel di dalam ruangan dengan ubin dinding berpola kotak-kotak. Di atas wastafel terdapat beberapa wadah logam dan rak penyimpanan. Berdasarkan estimasi kedalaman relatif, bagian bawah-kanan merupakan area yang paling dekat dibanding area lain, dengan kategori kedalaman relatif dekat. Area bawah-kanan berpotensi menjadi halangan visual karena posisinya terbaca lebih dekat dibanding area lain. Region kiri terbaca relatif lebih lapang menurut estimasi depth, bukan berarti bebas objek.",10168,763,10931,,gemma_only+shared_depth,component_inference_sum
,indoor_010.webp,gemma_depth_constrained_controlled,Gambar menunjukkan area wastafel di dalam ruangan dengan ubin dinding berpola kotak-kotak. Di atas wastafel terdapat beberapa wadah logam dan rak penyimpanan.,wastafel dan area kamar mandi,tengah,indoor,lower_right,dekat,dekat secara relatif,kiri,evidence_constrained,"Gambar menunjukkan area wastafel di dalam ruangan dengan ubin dinding berpola kotak-kotak. Di atas wastafel terdapat beberapa wadah logam dan rak penyimpanan. Berdasarkan grid depth 3x3, region bawah-kanan memiliki kategori kedalaman relatif dekat dibanding region lain dalam citra dan menunjukkan potensi halangan visual pada region tersebut.",10168,763,10931,,gemma_only+shared_depth,component_inference_sum
,indoor_011.webp,gemma_depth_legacy_controlled,Gambar menunjukkan area interior ruangan dengan lantai ubin putih dan dinding berwarna terang. Beberapa botol air dan peralatan masak terlihat di sisi kanan ruangan.,Area ruangan,tengah,indoor,lower_left,dekat,dekat secara relatif,tengah,legacy_verbose,"Gambar menunjukkan area interior ruangan dengan lantai ubin putih dan dinding berwarna terang. Beberapa botol air dan peralatan masak terlihat di sisi kanan ruangan. Berdasarkan estimasi kedalaman relatif, bagian bawah-kiri merupakan area yang paling dekat dibanding area lain, dengan kategori kedalaman relatif dekat. Area bawah-kiri berpotensi menjadi halangan visual karena posisinya terbaca lebih dekat dibanding area lain. Region tengah terbaca relatif lebih lapang menurut estimasi depth, bukan berarti bebas objek.",10556,789,11345,,gemma_only+shared_depth,component_inference_sum
,indoor_011.webp,gemma_depth_constrained_controlled,Gambar menunjukkan area interior ruangan dengan lantai ubin putih dan dinding berwarna terang. Beberapa botol air dan peralatan masak terlihat di sisi kanan ruangan.,Area ruangan,tengah,indoor,lower_left,dekat,dekat secara relatif,tengah,evidence_constrained,"Gambar menunjukkan area interior ruangan dengan lantai ubin putih dan dinding berwarna terang. Beberapa botol air dan peralatan masak terlihat di sisi kanan ruangan. Berdasarkan grid depth 3x3, region bawah-kiri memiliki kategori kedalaman relatif dekat dibanding region lain dalam citra dan menunjukkan potensi halangan visual pada region tersebut.",10556,789,11345,,gemma_only+shared_depth,component_inference_sum
,indoor_012.webp,gemma_depth_legacy_controlled,Gambar menunjukkan interior koridor atau ruangan dengan lantai keramik berwarna terang. Di latar depan terdapat beberapa peralatan rumah tangga dan lemari kayu yang membentang di sepanjang dinding.,koridor,tengah,indoor,lower_left,dekat,dekat secara relatif,kanan,legacy_verbose,"Gambar menunjukkan interior koridor atau ruangan dengan lantai keramik berwarna terang. Di latar depan terdapat beberapa peralatan rumah tangga dan lemari kayu yang membentang di sepanjang dinding. Berdasarkan estimasi kedalaman relatif, bagian bawah-kiri merupakan area yang paling dekat dibanding area lain, dengan kategori kedalaman relatif dekat. Area bawah-kiri berpotensi menjadi halangan visual karena posisinya terbaca lebih dekat dibanding area lain. Region kanan terbaca relatif lebih lapang menurut estimasi depth, bukan berarti bebas objek.",11086,758,11844,,gemma_only+shared_depth,component_inference_sum
,indoor_012.webp,gemma_depth_constrained_controlled,Gambar menunjukkan interior koridor atau ruangan dengan lantai keramik berwarna terang. Di latar depan terdapat beberapa peralatan rumah tangga dan lemari kayu yang membentang di sepanjang dinding.,koridor,tengah,indoor,lower_left,dekat,dekat secara relatif,kanan,evidence_constrained,"Gambar menunjukkan interior koridor atau ruangan dengan lantai keramik berwarna terang. Di latar depan terdapat beberapa peralatan rumah tangga dan lemari kayu yang membentang di sepanjang dinding. Berdasarkan grid depth 3x3, region bawah-kiri memiliki kategori kedalaman relatif dekat dibanding region lain dalam citra dan menunjukkan potensi halangan visual pada region tersebut.",11086,758,11844,,gemma_only+shared_depth,component_inference_sum
,indoor_013.webp,gemma_depth_legacy_controlled,Gambar menunjukkan interior ruangan dengan lantai keramik putih dan dua pintu kayu berwarna cokelat. Terdapat tirai di sisi kiri dan kanan serta karpet kecil di area depan.,Pintu dan Lantai,tengah|kanan,indoor,lower_right,jauh,jauh secara relatif,kiri,legacy_verbose,"Gambar menunjukkan interior ruangan dengan lantai keramik putih dan dua pintu kayu berwarna cokelat. Terdapat tirai di sisi kiri dan kanan serta karpet kecil di area depan. Berdasarkan estimasi kedalaman relatif, bagian bawah-kanan merupakan area yang paling dekat dibanding area lain, dengan kategori kedalaman relatif jauh. Area bawah-kanan tidak menunjukkan potensi halangan visual yang kuat karena masih berada pada kategori kedalaman relatif jauh. Region kiri terbaca relatif lebih lapang menurut estimasi depth, bukan berarti bebas objek.",11202,861,12063,,gemma_only+shared_depth,component_inference_sum
,indoor_013.webp,gemma_depth_constrained_controlled,Gambar menunjukkan interior ruangan dengan lantai keramik putih dan dua pintu kayu berwarna cokelat. Terdapat tirai di sisi kiri dan kanan serta karpet kecil di area depan.,Pintu dan Lantai,tengah|kanan,indoor,lower_right,jauh,jauh secara relatif,kiri,evidence_constrained,"Gambar menunjukkan interior ruangan dengan lantai keramik putih dan dua pintu kayu berwarna cokelat. Terdapat tirai di sisi kiri dan kanan serta karpet kecil di area depan. Berdasarkan grid depth 3x3, region bawah-kanan memiliki kategori kedalaman relatif jauh dibanding region lain dalam citra.",11202,861,12063,,gemma_only+shared_depth,component_inference_sum
,indoor_014.webp,gemma_depth_legacy_controlled,"Gambar menunjukkan interior ruangan dengan lantai keramik putih. Beberapa barang seperti tas, selimut, dan koper tergeletak di lantai di sekitar bangku kayu.",Area lantai dan perabotan,tengah,indoor,middle_left,dekat,dekat secara relatif,kanan,legacy_verbose,"Gambar menunjukkan interior ruangan dengan lantai keramik putih. Beberapa barang seperti tas, selimut, dan koper tergeletak di lantai di sekitar bangku kayu. Berdasarkan estimasi kedalaman relatif, bagian tengah-kiri merupakan area yang paling dekat dibanding area lain, dengan kategori kedalaman relatif dekat. Area tengah-kiri berpotensi menjadi halangan visual karena posisinya terbaca lebih dekat dibanding area lain. Region kanan terbaca relatif lebih lapang menurut estimasi depth, bukan berarti bebas objek.",11472,755,12227,,gemma_only+shared_depth,component_inference_sum
,indoor_014.webp,gemma_depth_constrained_controlled,"Gambar menunjukkan interior ruangan dengan lantai keramik putih. Beberapa barang seperti tas, selimut, dan koper tergeletak di lantai di sekitar bangku kayu.",Area lantai dan perabotan,tengah,indoor,middle_left,dekat,dekat secara relatif,kanan,evidence_constrained,"Gambar menunjukkan interior ruangan dengan lantai keramik putih. Beberapa barang seperti tas, selimut, dan koper tergeletak di lantai di sekitar bangku kayu. Berdasarkan grid depth 3x3, region tengah-kiri memiliki kategori kedalaman relatif dekat dibanding region lain dalam citra dan menunjukkan potensi halangan visual pada region tersebut.",11472,755,12227,,gemma_only+shared_depth,component_inference_sum
,indoor_015.webp,gemma_depth_legacy_controlled,Gambar menunjukkan beberapa koper dan sepasang sepatu yang diletakkan di lantai dekat dinding. Terdapat juga tirai hijau yang tergantung di dinding sebelah kanan.,Koper dan sepatu,depan,indoor,middle_left,sedang,sedang secara relatif,kanan,legacy_verbose,"Gambar menunjukkan beberapa koper dan sepasang sepatu yang diletakkan di lantai dekat dinding. Terdapat juga tirai hijau yang tergantung di dinding sebelah kanan. Berdasarkan estimasi kedalaman relatif, bagian tengah-kiri merupakan area yang paling dekat dibanding area lain, dengan kategori kedalaman relatif sedang. Area tengah-kiri terbaca pada jarak relatif sedang, sehingga tidak otomatis diperlakukan sebagai halangan visual dekat. Region kanan terbaca relatif lebih lapang menurut estimasi depth, bukan berarti bebas objek.",9708,752,10460,,gemma_only+shared_depth,component_inference_sum
,indoor_015.webp,gemma_depth_constrained_controlled,Gambar menunjukkan beberapa koper dan sepasang sepatu yang diletakkan di lantai dekat dinding. Terdapat juga tirai hijau yang tergantung di dinding sebelah kanan.,Koper dan sepatu,depan,indoor,middle_left,sedang,sedang secara relatif,kanan,evidence_constrained,"Gambar menunjukkan beberapa koper dan sepasang sepatu yang diletakkan di lantai dekat dinding. Terdapat juga tirai hijau yang tergantung di dinding sebelah kanan. Berdasarkan grid depth 3x3, region tengah-kiri memiliki kategori kedalaman relatif sedang dibanding region lain dalam citra.",9708,752,10460,,gemma_only+shared_depth,component_inference_sum
,indoor_016.webp,gemma_depth_legacy_controlled,Gambar menunjukkan sebuah rak kayu besar berwarna biru yang dipenuhi bingkai foto. Rak ini berdiri di dinding ruangan dengan sepotong seprai terlihat di bagian bawah kiri.,rak kayu,tengah,indoor,middle_right,dekat,dekat secara relatif,kiri,legacy_verbose,"Gambar menunjukkan sebuah rak kayu besar berwarna biru yang dipenuhi bingkai foto. Rak ini berdiri di dinding ruangan dengan sepotong seprai terlihat di bagian bawah kiri. Berdasarkan estimasi kedalaman relatif, bagian tengah-kanan merupakan area yang paling dekat dibanding area lain, dengan kategori kedalaman relatif dekat. Area tengah-kanan berpotensi menjadi halangan visual karena posisinya terbaca lebih dekat dibanding area lain. Region kiri terbaca relatif lebih lapang menurut estimasi depth, bukan berarti bebas objek.",10567,752,11319,,gemma_only+shared_depth,component_inference_sum
,indoor_016.webp,gemma_depth_constrained_controlled,Gambar menunjukkan sebuah rak kayu besar berwarna biru yang dipenuhi bingkai foto. Rak ini berdiri di dinding ruangan dengan sepotong seprai terlihat di bagian bawah kiri.,rak kayu,tengah,indoor,middle_right,dekat,dekat secara relatif,kiri,evidence_constrained,"Gambar menunjukkan sebuah rak kayu besar berwarna biru yang dipenuhi bingkai foto. Rak ini berdiri di dinding ruangan dengan sepotong seprai terlihat di bagian bawah kiri. Berdasarkan grid depth 3x3, region tengah-kanan memiliki kategori kedalaman relatif dekat dibanding region lain dalam citra dan menunjukkan potensi halangan visual pada region tersebut.",10567,752,11319,,gemma_only+shared_depth,component_inference_sum
,indoor_017.webp,gemma_depth_legacy_controlled,Gambar menunjukkan setup meja kerja indoor dengan beberapa monitor komputer dan mikrofon yang diletakkan di atas permukaan meja. Terdapat kabel-kabel yang terhampar di sekitar peralatan tersebut.,Setup meja kerja,tengah,indoor,middle_right,dekat,dekat secara relatif,kiri,legacy_verbose,"Gambar menunjukkan setup meja kerja indoor dengan beberapa monitor komputer dan mikrofon yang diletakkan di atas permukaan meja. Terdapat kabel-kabel yang terhampar di sekitar peralatan tersebut. Berdasarkan estimasi kedalaman relatif, bagian tengah-kanan merupakan area yang paling dekat dibanding area lain, dengan kategori kedalaman relatif dekat. Area tengah-kanan berpotensi menjadi halangan visual karena posisinya terbaca lebih dekat dibanding area lain. Region kiri terbaca relatif lebih lapang menurut estimasi depth, bukan berarti bebas objek.",8894,748,9642,,gemma_only+shared_depth,component_inference_sum
,indoor_017.webp,gemma_depth_constrained_controlled,Gambar menunjukkan setup meja kerja indoor dengan beberapa monitor komputer dan mikrofon yang diletakkan di atas permukaan meja. Terdapat kabel-kabel yang terhampar di sekitar peralatan tersebut.,Setup meja kerja,tengah,indoor,middle_right,dekat,dekat secara relatif,kiri,evidence_constrained,"Gambar menunjukkan setup meja kerja indoor dengan beberapa monitor komputer dan mikrofon yang diletakkan di atas permukaan meja. Terdapat kabel-kabel yang terhampar di sekitar peralatan tersebut. Berdasarkan grid depth 3x3, region tengah-kanan memiliki kategori kedalaman relatif dekat dibanding region lain dalam citra dan menunjukkan potensi halangan visual pada region tersebut.",8894,748,9642,,gemma_only+shared_depth,component_inference_sum
,indoor_018.webp,gemma_depth_legacy_controlled,Gambar menunjukkan sudut ruangan indoor dengan wastafel dan countertop di sisi kiri. Di area kanan terdapat pintu/bingkai dan beberapa barang yang diletakkan di lantai.,area dapur|countertop,depan,indoor,lower_left,dekat,dekat secara relatif,tengah,legacy_verbose,"Gambar menunjukkan sudut ruangan indoor dengan wastafel dan countertop di sisi kiri. Di area kanan terdapat pintu/bingkai dan beberapa barang yang diletakkan di lantai. Berdasarkan estimasi kedalaman relatif, bagian bawah-kiri merupakan area yang paling dekat dibanding area lain, dengan kategori kedalaman relatif dekat. Area bawah-kiri berpotensi menjadi halangan visual karena posisinya terbaca lebih dekat dibanding area lain. Region tengah terbaca relatif lebih lapang menurut estimasi depth, bukan berarti bebas objek.",12086,747,12833,,gemma_only+shared_depth,component_inference_sum
,indoor_018.webp,gemma_depth_constrained_controlled,Gambar menunjukkan sudut ruangan indoor dengan wastafel dan countertop di sisi kiri. Di area kanan terdapat pintu/bingkai dan beberapa barang yang diletakkan di lantai.,area dapur|countertop,depan,indoor,lower_left,dekat,dekat secara relatif,tengah,evidence_constrained,"Gambar menunjukkan sudut ruangan indoor dengan wastafel dan countertop di sisi kiri. Di area kanan terdapat pintu/bingkai dan beberapa barang yang diletakkan di lantai. Berdasarkan grid depth 3x3, region bawah-kiri memiliki kategori kedalaman relatif dekat dibanding region lain dalam citra dan menunjukkan potensi halangan visual pada region tersebut.",12086,747,12833,,gemma_only+shared_depth,component_inference_sum
,indoor_019.webp,gemma_depth_legacy_controlled,"Gambar menunjukkan sudut ruangan dengan lantai berubin dan dinding. Beberapa benda seperti botol air, wadah, dan tas diletakkan di sepanjang dinding dan lantai.",Susunan barang di sudut ruangan,tengah,indoor,middle_right,dekat,dekat secara relatif,kiri,legacy_verbose,"Gambar menunjukkan sudut ruangan dengan lantai berubin dan dinding. Beberapa benda seperti botol air, wadah, dan tas diletakkan di sepanjang dinding dan lantai. Berdasarkan estimasi kedalaman relatif, bagian tengah-kanan merupakan area yang paling dekat dibanding area lain, dengan kategori kedalaman relatif dekat. Area tengah-kanan berpotensi menjadi halangan visual karena posisinya terbaca lebih dekat dibanding area lain. Region kiri terbaca relatif lebih lapang menurut estimasi depth, bukan berarti bebas objek.",11248,758,12006,,gemma_only+shared_depth,component_inference_sum
,indoor_019.webp,gemma_depth_constrained_controlled,"Gambar menunjukkan sudut ruangan dengan lantai berubin dan dinding. Beberapa benda seperti botol air, wadah, dan tas diletakkan di sepanjang dinding dan lantai.",Susunan barang di sudut ruangan,tengah,indoor,middle_right,dekat,dekat secara relatif,kiri,evidence_constrained,"Gambar menunjukkan sudut ruangan dengan lantai berubin dan dinding. Beberapa benda seperti botol air, wadah, dan tas diletakkan di sepanjang dinding dan lantai. Berdasarkan grid depth 3x3, region tengah-kanan memiliki kategori kedalaman relatif dekat dibanding region lain dalam citra dan menunjukkan potensi halangan visual pada region tersebut.",11248,758,12006,,gemma_only+shared_depth,component_inference_sum
,indoor_020.webp,gemma_depth_legacy_controlled,Gambar menunjukkan area dapur indoor dengan kompor dan berbagai wadah penyimpanan di bawahnya. Terdapat botol air besar dan beberapa peralatan masak yang tersusun rapi.,area dapur,tengah,indoor,lower_left,dekat,dekat secara relatif,kanan,legacy_verbose,"Gambar menunjukkan area dapur indoor dengan kompor dan berbagai wadah penyimpanan di bawahnya. Terdapat botol air besar dan beberapa peralatan masak yang tersusun rapi. Berdasarkan estimasi kedalaman relatif, bagian bawah-kiri merupakan area yang paling dekat dibanding area lain, dengan kategori kedalaman relatif dekat. Area bawah-kiri berpotensi menjadi halangan visual karena posisinya terbaca lebih dekat dibanding area lain. Region kanan terbaca relatif lebih lapang menurut estimasi depth, bukan berarti bebas objek.",10892,750,11642,,gemma_only+shared_depth,component_inference_sum
,indoor_020.webp,gemma_depth_constrained_controlled,Gambar menunjukkan area dapur indoor dengan kompor dan berbagai wadah penyimpanan di bawahnya. Terdapat botol air besar dan beberapa peralatan masak yang tersusun rapi.,area dapur,tengah,indoor,lower_left,dekat,dekat secara relatif,kanan,evidence_constrained,"Gambar menunjukkan area dapur indoor dengan kompor dan berbagai wadah penyimpanan di bawahnya. Terdapat botol air besar dan beberapa peralatan masak yang tersusun rapi. Berdasarkan grid depth 3x3, region bawah-kiri memiliki kategori kedalaman relatif dekat dibanding region lain dalam citra dan menunjukkan potensi halangan visual pada region tersebut.",10892,750,11642,,gemma_only+shared_depth,component_inference_sum
,indoor_021.webp,gemma_depth_legacy_controlled,Gambar menunjukkan area kamar mandi atau wastafel dengan ubin berpola. Terdapat meja wastafel dan pintu yang mengarah ke area lain.,area kamar mandi,tengah,indoor,lower_left,sangat_dekat,sangat dekat secara relatif,kanan,legacy_verbose,"Gambar menunjukkan area kamar mandi atau wastafel dengan ubin berpola. Terdapat meja wastafel dan pintu yang mengarah ke area lain. Berdasarkan estimasi kedalaman relatif, bagian bawah-kiri merupakan area yang paling dekat dibanding area lain, dengan kategori kedalaman relatif sangat dekat. Area bawah-kiri berpotensi menjadi halangan visual karena posisinya terbaca lebih dekat dibanding area lain. Region kanan terbaca relatif lebih lapang menurut estimasi depth, bukan berarti bebas objek.",10579,754,11333,,gemma_only+shared_depth,component_inference_sum
,indoor_021.webp,gemma_depth_constrained_controlled,Gambar menunjukkan area kamar mandi atau wastafel dengan ubin berpola. Terdapat meja wastafel dan pintu yang mengarah ke area lain.,area kamar mandi,tengah,indoor,lower_left,sangat_dekat,sangat dekat secara relatif,kanan,evidence_constrained,"Gambar menunjukkan area kamar mandi atau wastafel dengan ubin berpola. Terdapat meja wastafel dan pintu yang mengarah ke area lain. Berdasarkan grid depth 3x3, region bawah-kiri memiliki kategori kedalaman relatif sangat dekat dibanding region lain dalam citra dan menunjukkan potensi halangan visual pada region tersebut.",10579,754,11333,,gemma_only+shared_depth,component_inference_sum
,indoor_022.webp,gemma_depth_legacy_controlled,Gambar menunjukkan bagian dalam koridor atau ruangan dengan lantai keramik putih dan dinding berwarna terang. Terdapat beberapa pintu kayu yang membentang di sepanjang lorong tersebut.,koridor interior,tengah,indoor,middle_left,dekat,dekat secara relatif,tengah,legacy_verbose,"Gambar menunjukkan bagian dalam koridor atau ruangan dengan lantai keramik putih dan dinding berwarna terang. Terdapat beberapa pintu kayu yang membentang di sepanjang lorong tersebut. Berdasarkan estimasi kedalaman relatif, bagian tengah-kiri merupakan area yang paling dekat dibanding area lain, dengan kategori kedalaman relatif dekat. Area tengah-kiri berpotensi menjadi halangan visual karena posisinya terbaca lebih dekat dibanding area lain. Region tengah terbaca relatif lebih lapang menurut estimasi depth, bukan berarti bebas objek.",10941,808,11749,,gemma_only+shared_depth,component_inference_sum
,indoor_022.webp,gemma_depth_constrained_controlled,Gambar menunjukkan bagian dalam koridor atau ruangan dengan lantai keramik putih dan dinding berwarna terang. Terdapat beberapa pintu kayu yang membentang di sepanjang lorong tersebut.,koridor interior,tengah,indoor,middle_left,dekat,dekat secara relatif,tengah,evidence_constrained,"Gambar menunjukkan bagian dalam koridor atau ruangan dengan lantai keramik putih dan dinding berwarna terang. Terdapat beberapa pintu kayu yang membentang di sepanjang lorong tersebut. Berdasarkan grid depth 3x3, region tengah-kiri memiliki kategori kedalaman relatif dekat dibanding region lain dalam citra dan menunjukkan potensi halangan visual pada region tersebut.",10941,808,11749,,gemma_only+shared_depth,component_inference_sum
,indoor_023.webp,gemma_depth_legacy_controlled,Gambar menunjukkan sudut ruangan indoor dengan pintu kayu besar di sisi kanan dan bingkai cermin kayu di sisi kiri. Terdapat beberapa barang yang tergantung di dinding dekat bingkai cermin.,pintu kayu,kanan,indoor,lower_left,jauh,jauh secara relatif,kanan,legacy_verbose,"Gambar menunjukkan sudut ruangan indoor dengan pintu kayu besar di sisi kanan dan bingkai cermin kayu di sisi kiri. Terdapat beberapa barang yang tergantung di dinding dekat bingkai cermin. Berdasarkan estimasi kedalaman relatif, bagian bawah-kiri merupakan area yang paling dekat dibanding area lain, dengan kategori kedalaman relatif jauh. Area bawah-kiri tidak menunjukkan potensi halangan visual yang kuat karena masih berada pada kategori kedalaman relatif jauh. Region kanan terbaca relatif lebih lapang menurut estimasi depth, bukan berarti bebas objek.",10024,824,10848,,gemma_only+shared_depth,component_inference_sum
,indoor_023.webp,gemma_depth_constrained_controlled,Gambar menunjukkan sudut ruangan indoor dengan pintu kayu besar di sisi kanan dan bingkai cermin kayu di sisi kiri. Terdapat beberapa barang yang tergantung di dinding dekat bingkai cermin.,pintu kayu,kanan,indoor,lower_left,jauh,jauh secara relatif,kanan,evidence_constrained,"Gambar menunjukkan sudut ruangan indoor dengan pintu kayu besar di sisi kanan dan bingkai cermin kayu di sisi kiri. Terdapat beberapa barang yang tergantung di dinding dekat bingkai cermin. Berdasarkan grid depth 3x3, region bawah-kiri memiliki kategori kedalaman relatif jauh dibanding region lain dalam citra.",10024,824,10848,,gemma_only+shared_depth,component_inference_sum
,indoor_024.webp,gemma_depth_legacy_controlled,Gambar menunjukkan interior ruangan dengan pintu kayu besar di sisi kiri yang membuka ke area lain. Di sisi kanan terdapat dinding putih dengan stopkontak dan beberapa barang diletakkan di lantai.,Pintu kayu dan lantai,kiri|kanan,indoor,lower_right,dekat,dekat secara relatif,kiri,legacy_verbose,"Gambar menunjukkan interior ruangan dengan pintu kayu besar di sisi kiri yang membuka ke area lain. Di sisi kanan terdapat dinding putih dengan stopkontak dan beberapa barang diletakkan di lantai. Berdasarkan estimasi kedalaman relatif, bagian bawah-kanan merupakan area yang paling dekat dibanding area lain, dengan kategori kedalaman relatif dekat. Area bawah-kanan berpotensi menjadi halangan visual karena posisinya terbaca lebih dekat dibanding area lain. Region kiri terbaca relatif lebih lapang menurut estimasi depth, bukan berarti bebas objek.",10967,790,11757,,gemma_only+shared_depth,component_inference_sum
,indoor_024.webp,gemma_depth_constrained_controlled,Gambar menunjukkan interior ruangan dengan pintu kayu besar di sisi kiri yang membuka ke area lain. Di sisi kanan terdapat dinding putih dengan stopkontak dan beberapa barang diletakkan di lantai.,Pintu kayu dan lantai,kiri|kanan,indoor,lower_right,dekat,dekat secara relatif,kiri,evidence_constrained,"Gambar menunjukkan interior ruangan dengan pintu kayu besar di sisi kiri yang membuka ke area lain. Di sisi kanan terdapat dinding putih dengan stopkontak dan beberapa barang diletakkan di lantai. Berdasarkan grid depth 3x3, region bawah-kanan memiliki kategori kedalaman relatif dekat dibanding region lain dalam citra dan menunjukkan potensi halangan visual pada region tersebut.",10967,790,11757,,gemma_only+shared_depth,component_inference_sum
,indoor_025.webp,gemma_depth_legacy_controlled,"Gambar menunjukkan pengaturan meja kerja indoor dengan monitor, laptop, dan kursi kantor. Objek-objek tersebut tersusun di atas permukaan meja hitam.",Workstation,tengah,indoor,lower_left,dekat,dekat secara relatif,kanan,legacy_verbose,"Gambar menunjukkan pengaturan meja kerja indoor dengan monitor, laptop, dan kursi kantor. Objek-objek tersebut tersusun di atas permukaan meja hitam. Berdasarkan estimasi kedalaman relatif, bagian bawah-kiri merupakan area yang paling dekat dibanding area lain, dengan kategori kedalaman relatif dekat. Area bawah-kiri berpotensi menjadi halangan visual karena posisinya terbaca lebih dekat dibanding area lain. Region kanan terbaca relatif lebih lapang menurut estimasi depth, bukan berarti bebas objek.",9695,799,10494,,gemma_only+shared_depth,component_inference_sum
,indoor_025.webp,gemma_depth_constrained_controlled,"Gambar menunjukkan pengaturan meja kerja indoor dengan monitor, laptop, dan kursi kantor. Objek-objek tersebut tersusun di atas permukaan meja hitam.",Workstation,tengah,indoor,lower_left,dekat,dekat secara relatif,kanan,evidence_constrained,"Gambar menunjukkan pengaturan meja kerja indoor dengan monitor, laptop, dan kursi kantor. Objek-objek tersebut tersusun di atas permukaan meja hitam. Berdasarkan grid depth 3x3, region bawah-kiri memiliki kategori kedalaman relatif dekat dibanding region lain dalam citra dan menunjukkan potensi halangan visual pada region tersebut.",9695,799,10494,,gemma_only+shared_depth,component_inference_sum
,indoor_026.webp,gemma_depth_legacy_controlled,Gambar menunjukkan tumpukan koper dan berbagai pasang sepatu yang diletakkan di lantai dekat dinding. Objek-objek tersebut berada di sisi kanan bawah bingkai gambar.,Koper dan sepatu,kanan|bawah,indoor,lower_right,dekat,dekat secara relatif,tengah,legacy_verbose,"Gambar menunjukkan tumpukan koper dan berbagai pasang sepatu yang diletakkan di lantai dekat dinding. Objek-objek tersebut berada di sisi kanan bawah bingkai gambar. Berdasarkan estimasi kedalaman relatif, bagian bawah-kanan merupakan area yang paling dekat dibanding area lain, dengan kategori kedalaman relatif dekat. Area bawah-kanan berpotensi menjadi halangan visual karena posisinya terbaca lebih dekat dibanding area lain. Region tengah terbaca relatif lebih lapang menurut estimasi depth, bukan berarti bebas objek.",10644,745,11389,,gemma_only+shared_depth,component_inference_sum
,indoor_026.webp,gemma_depth_constrained_controlled,Gambar menunjukkan tumpukan koper dan berbagai pasang sepatu yang diletakkan di lantai dekat dinding. Objek-objek tersebut berada di sisi kanan bawah bingkai gambar.,Koper dan sepatu,kanan|bawah,indoor,lower_right,dekat,dekat secara relatif,tengah,evidence_constrained,"Gambar menunjukkan tumpukan koper dan berbagai pasang sepatu yang diletakkan di lantai dekat dinding. Objek-objek tersebut berada di sisi kanan bawah bingkai gambar. Berdasarkan grid depth 3x3, region bawah-kanan memiliki kategori kedalaman relatif dekat dibanding region lain dalam citra dan menunjukkan potensi halangan visual pada region tersebut.",10644,745,11389,,gemma_only+shared_depth,component_inference_sum
,indoor_027.webp,gemma_depth_legacy_controlled,Gambar menunjukkan lingkungan indoor dengan sebuah kipas angin berdiri di dinding dan bangku kayu di latar depan. Beberapa tas atau barang lain terlihat diletakkan di atas bangku kayu.,kipas angin dan bangku kayu,tengah,indoor,middle_left,sedang,sedang secara relatif,kanan,legacy_verbose,"Gambar menunjukkan lingkungan indoor dengan sebuah kipas angin berdiri di dinding dan bangku kayu di latar depan. Beberapa tas atau barang lain terlihat diletakkan di atas bangku kayu. Berdasarkan estimasi kedalaman relatif, bagian tengah-kiri merupakan area yang paling dekat dibanding area lain, dengan kategori kedalaman relatif sedang. Area tengah-kiri terbaca pada jarak relatif sedang, sehingga tidak otomatis diperlakukan sebagai halangan visual dekat. Region kanan terbaca relatif lebih lapang menurut estimasi depth, bukan berarti bebas objek.",8554,742,9296,,gemma_only+shared_depth,component_inference_sum
,indoor_027.webp,gemma_depth_constrained_controlled,Gambar menunjukkan lingkungan indoor dengan sebuah kipas angin berdiri di dinding dan bangku kayu di latar depan. Beberapa tas atau barang lain terlihat diletakkan di atas bangku kayu.,kipas angin dan bangku kayu,tengah,indoor,middle_left,sedang,sedang secara relatif,kanan,evidence_constrained,"Gambar menunjukkan lingkungan indoor dengan sebuah kipas angin berdiri di dinding dan bangku kayu di latar depan. Beberapa tas atau barang lain terlihat diletakkan di atas bangku kayu. Berdasarkan grid depth 3x3, region tengah-kiri memiliki kategori kedalaman relatif sedang dibanding region lain dalam citra.",8554,742,9296,,gemma_only+shared_depth,component_inference_sum
,indoor_028.webp,gemma_depth_legacy_controlled,"Gambar menunjukkan setup meja kerja indoor dengan monitor, tablet, keyboard, mouse, dan mikrofon yang tertata di atas permukaan meja. Objek-objek tersebut tersusun secara horizontal.",Setup meja kerja komputer,tengah,indoor,lower_right,dekat,dekat secara relatif,kiri,legacy_verbose,"Gambar menunjukkan setup meja kerja indoor dengan monitor, tablet, keyboard, mouse, dan mikrofon yang tertata di atas permukaan meja. Objek-objek tersebut tersusun secara horizontal. Berdasarkan estimasi kedalaman relatif, bagian bawah-kanan merupakan area yang paling dekat dibanding area lain, dengan kategori kedalaman relatif dekat. Area bawah-kanan berpotensi menjadi halangan visual karena posisinya terbaca lebih dekat dibanding area lain. Region kiri terbaca relatif lebih lapang menurut estimasi depth, bukan berarti bebas objek.",8040,877,8917,,gemma_only+shared_depth,component_inference_sum
,indoor_028.webp,gemma_depth_constrained_controlled,"Gambar menunjukkan setup meja kerja indoor dengan monitor, tablet, keyboard, mouse, dan mikrofon yang tertata di atas permukaan meja. Objek-objek tersebut tersusun secara horizontal.",Setup meja kerja komputer,tengah,indoor,lower_right,dekat,dekat secara relatif,kiri,evidence_constrained,"Gambar menunjukkan setup meja kerja indoor dengan monitor, tablet, keyboard, mouse, dan mikrofon yang tertata di atas permukaan meja. Objek-objek tersebut tersusun secara horizontal. Berdasarkan grid depth 3x3, region bawah-kanan memiliki kategori kedalaman relatif dekat dibanding region lain dalam citra dan menunjukkan potensi halangan visual pada region tersebut.",8040,877,8917,,gemma_only+shared_depth,component_inference_sum
,indoor_029.webp,gemma_depth_legacy_controlled,"Gambar ini menampilkan sebuah kursi kantor dengan latar belakang kamar tidur indoor. Di sekeliling kursi terdapat tempat tidur, lemari kayu berwarna biru, dan karpet bermotif.",kursi,tengah,indoor,lower_center,dekat,dekat secara relatif,kanan,legacy_verbose,"Gambar ini menampilkan sebuah kursi kantor dengan latar belakang kamar tidur indoor. Di sekeliling kursi terdapat tempat tidur, lemari kayu berwarna biru, dan karpet bermotif. Berdasarkan estimasi kedalaman relatif, bagian bawah-tengah merupakan area yang paling dekat dibanding area lain, dengan kategori kedalaman relatif dekat. Area bawah-tengah berpotensi menjadi halangan visual karena posisinya terbaca lebih dekat dibanding area lain. Region kanan terbaca relatif lebih lapang menurut estimasi depth, bukan berarti bebas objek.",10340,760,11100,,gemma_only+shared_depth,component_inference_sum
,indoor_029.webp,gemma_depth_constrained_controlled,"Gambar ini menampilkan sebuah kursi kantor dengan latar belakang kamar tidur indoor. Di sekeliling kursi terdapat tempat tidur, lemari kayu berwarna biru, dan karpet bermotif.",kursi,tengah,indoor,lower_center,dekat,dekat secara relatif,kanan,evidence_constrained,"Gambar ini menampilkan sebuah kursi kantor dengan latar belakang kamar tidur indoor. Di sekeliling kursi terdapat tempat tidur, lemari kayu berwarna biru, dan karpet bermotif. Berdasarkan grid depth 3x3, region bawah-tengah memiliki kategori kedalaman relatif dekat dibanding region lain dalam citra dan menunjukkan potensi halangan visual pada region tersebut.",10340,760,11100,,gemma_only+shared_depth,component_inference_sum
,indoor_030.webp,gemma_depth_legacy_controlled,Gambar menunjukkan area interior berupa lorong dengan dinding berwarna terang dan lantai keramik. Objek utama adalah sebuah pintu kayu berpanel cokelat tua yang mendominasi bagian tengah frame.,Pintu kayu,tengah,indoor,middle_right,dekat,dekat secara relatif,tengah,legacy_verbose,"Gambar menunjukkan area interior berupa lorong dengan dinding berwarna terang dan lantai keramik. Objek utama adalah sebuah pintu kayu berpanel cokelat tua yang mendominasi bagian tengah frame. Berdasarkan estimasi kedalaman relatif, bagian tengah-kanan merupakan area yang paling dekat dibanding area lain, dengan kategori kedalaman relatif dekat. Area tengah-kanan berpotensi menjadi halangan visual karena posisinya terbaca lebih dekat dibanding area lain. Region tengah terbaca relatif lebih lapang menurut estimasi depth, bukan berarti bebas objek.",10880,747,11627,,gemma_only+shared_depth,component_inference_sum
,indoor_030.webp,gemma_depth_constrained_controlled,Gambar menunjukkan area interior berupa lorong dengan dinding berwarna terang dan lantai keramik. Objek utama adalah sebuah pintu kayu berpanel cokelat tua yang mendominasi bagian tengah frame.,Pintu kayu,tengah,indoor,middle_right,dekat,dekat secara relatif,tengah,evidence_constrained,"Gambar menunjukkan area interior berupa lorong dengan dinding berwarna terang dan lantai keramik. Objek utama adalah sebuah pintu kayu berpanel cokelat tua yang mendominasi bagian tengah frame. Berdasarkan grid depth 3x3, region tengah-kanan memiliki kategori kedalaman relatif dekat dibanding region lain dalam citra dan menunjukkan potensi halangan visual pada region tersebut.",10880,747,11627,,gemma_only+shared_depth,component_inference_sum
