image_name,source_subset,mode,gt_object,pred_object,object_match,gt_position,pred_position,position_match,gt_distance,pred_distance,distance_match,gt_obstacle,obstacle_match,failure_cause,ambiguity_note,latency_ms,final_description
1 (1030).jpg,sample_new_balancing_medium_far,gemma_only,mesin cuci,Mesin cuci/pengering pakaian,True,kanan,depan,False,sedang,,,no,,kesalahan_model_posisi,,11438,Tampak deretan mesin cuci berwarna putih yang berjejer di sepanjang dinding ruangan. Lantai ruangan ditutupi ubin biru.
1 (1030).jpg,sample_new_balancing_medium_far,depth_only,mesin cuci,,False,kanan,,True,sedang,sedang,True,no,True,berhasil,,1830,"Berdasarkan estimasi kedalaman relatif, bagian bawah-kanan merupakan area yang paling dekat dibanding area lain, dengan kategori kedalaman relatif sedang. Area bawah-kanan berpotensi menjadi halangan visual karena posisinya terbaca lebih dekat dibanding area lain. Area kiri tampak relatif lebih lapang."
1 (1030).jpg,sample_new_balancing_medium_far,gemma_depth,mesin cuci,Mesin cuci,True,kanan,tengah,True,sedang,sedang,True,no,True,berhasil,,11815,"Tampak deretan mesin cuci yang berjejer di dalam ruangan. Area tersebut terlihat seperti ruang utilitas atau laundry dengan lemari putih di atasnya. Berdasarkan estimasi kedalaman relatif, bagian bawah-kanan merupakan area yang paling dekat dibanding area lain, dengan kategori kedalaman relatif sedang. Area bawah-kanan berpotensi menjadi halangan visual karena posisinya terbaca lebih dekat dibanding area lain. Area kiri tampak relatif lebih lapang."
1 (1030).jpg,sample_new_balancing_medium_far,gemma_depth_prompted,mesin cuci,mesin cuci,True,kanan,tengah,True,sedang,sedang,True,no,True,berhasil,,13005,"Tampak deretan mesin cuci yang dipasang di dinding dalam ruangan ini. Area depan tampak relatif lapang, dengan area terdekat berada di bagian bawah-kanan. Area bawah-kanan berpotensi menjadi halangan visual karena posisinya terbaca lebih dekat dibanding area lain. Area kiri tampak relatif lebih lapang."
1 (34).jpg,sample_new_balancing_medium_far,gemma_only,meja konsol,Perabotan kayu dan lantai,False,tengah,tengah,True,sedang,,,no,,kesalahan_model_objek,,11039,"Gambar menunjukkan interior ruangan dengan lantai kayu dan perabotan kayu. Terdapat meja panjang di tengah dengan lampu dan vas bunga, serta kursi-kursi di kedua sisi."
1 (34).jpg,sample_new_balancing_medium_far,depth_only,meja konsol,,False,tengah,,True,sedang,sedang,True,no,True,berhasil,,1448,"Berdasarkan estimasi kedalaman relatif, bagian bawah-kanan merupakan area yang paling dekat dibanding area lain, dengan kategori kedalaman relatif sedang. Area bawah-kanan berpotensi menjadi halangan visual karena posisinya terbaca lebih dekat dibanding area lain. Area tengah tampak relatif lebih lapang."
1 (34).jpg,sample_new_balancing_medium_far,gemma_depth,meja konsol,Perabotan kayu dan pintu,False,tengah,tengah,True,sedang,sedang,True,no,True,kesalahan_model_objek,,11050,"Gambar menunjukkan interior ruangan dengan lantai kayu dan bingkai pintu kaca besar yang mengarah ke luar. Terdapat meja panjang dan kursi kayu di dalam ruangan tersebut. Berdasarkan estimasi kedalaman relatif, bagian bawah-kanan merupakan area yang paling dekat dibanding area lain, dengan kategori kedalaman relatif sedang. Area bawah-kanan berpotensi menjadi halangan visual karena posisinya terbaca lebih dekat dibanding area lain. Area tengah tampak relatif lebih lapang."
1 (34).jpg,sample_new_balancing_medium_far,gemma_depth_prompted,meja konsol,Perabotan ruangan,False,tengah,tengah,True,sedang,sedang,True,no,True,kesalahan_model_prompted_semantik_objek,,15168,"Tampak sebuah interior ruangan dengan lantai kayu dan perabotan kayu di tengah. Area depan tampak relatif lapang, sementara area bawah-kanan adalah region terdekat. Area bawah-kanan berpotensi menjadi halangan visual karena posisinya terbaca lebih dekat dibanding area lain. Area tengah tampak relatif lebih lapang."
1 (6082).jpg,sample_new_balancing_medium_far,gemma_only,bangku ruang ganti,koridor,False,kanan,tengah,True,sedang,,,no,,kesalahan_model_objek,,10145,Gambar menunjukkan interior koridor atau lorong ruangan dengan lantai berwarna terang dan pagar kayu di kedua sisi. Terdapat jendela yang terlihat di dinding sisi kanan.
1 (6082).jpg,sample_new_balancing_medium_far,depth_only,bangku ruang ganti,,False,kanan,,True,sedang,jauh,False,no,True,kesalahan_depth,,1416,"Berdasarkan estimasi kedalaman relatif, bagian bawah-kanan merupakan area yang paling dekat dibanding area lain, dengan kategori kedalaman relatif jauh. Area bawah-kanan tidak menunjukkan potensi halangan visual yang kuat karena masih berada pada kategori kedalaman relatif jauh. Area tengah tampak relatif lebih lapang."
1 (6082).jpg,sample_new_balancing_medium_far,gemma_depth,bangku ruang ganti,Lorong/Koridor,False,kanan,tengah,True,sedang,jauh,False,no,True,kesalahan_model_objek+kesalahan_depth,,12629,"Gambar menunjukkan lingkungan indoor berupa lorong panjang dengan pagar kayu di kedua sisi. Terdapat lantai datar dan dinding berwarna terang. Berdasarkan estimasi kedalaman relatif, bagian bawah-kanan merupakan area yang paling dekat dibanding area lain, dengan kategori kedalaman relatif jauh. Area bawah-kanan tidak menunjukkan potensi halangan visual yang kuat karena masih berada pada kategori kedalaman relatif jauh. Area tengah tampak relatif lebih lapang."
1 (6082).jpg,sample_new_balancing_medium_far,gemma_depth_prompted,bangku ruang ganti,koridor,False,kanan,tengah,True,sedang,jauh,False,no,True,kesalahan_model_objek+kesalahan_depth,,13483,Terlihat sebuah koridor indoor dengan pagar kayu di sepanjang sisi-sisinya. Area tengah tampak relatif lapang dan terbuka. Area bawah-kanan tidak menunjukkan potensi halangan visual yang kuat karena masih berada pada kategori kedalaman relatif jauh. Area tengah tampak relatif lebih lapang.
1 (6083).jpg,sample_new_balancing_medium_far,gemma_only,bangku ruang ganti,Peralatan olahraga,False,kanan,tengah,False,sedang,,,no,,kesalahan_model_objek+kesalahan_model_posisi,,9663,Gambar menunjukkan deretan peralatan olahraga berupa palang paralel yang dipasang di dinding ruangan. Peralatan tersebut terbentang secara horizontal di lantai.
1 (6083).jpg,sample_new_balancing_medium_far,depth_only,bangku ruang ganti,,False,kanan,,True,sedang,jauh,False,no,True,kesalahan_depth,,1376,"Berdasarkan estimasi kedalaman relatif, bagian tengah-kanan merupakan area yang paling dekat dibanding area lain, dengan kategori kedalaman relatif jauh. Area tengah-kanan tidak menunjukkan potensi halangan visual yang kuat karena masih berada pada kategori kedalaman relatif jauh. Area kiri tampak relatif lebih lapang."
1 (6083).jpg,sample_new_balancing_medium_far,gemma_depth,bangku ruang ganti,Bangku panjang,False,kanan,tengah,True,sedang,jauh,False,no,True,kesalahan_model_objek+kesalahan_depth,,10675,"Tampak beberapa baris bangku panjang berpenyangga kayu atau logam di dalam ruangan. Bangku-bangku tersebut disusun sejajar di atas lantai yang dilapisi karpet berwarna terang. Berdasarkan estimasi kedalaman relatif, bagian tengah-kanan merupakan area yang paling dekat dibanding area lain, dengan kategori kedalaman relatif jauh. Area tengah-kanan tidak menunjukkan potensi halangan visual yang kuat karena masih berada pada kategori kedalaman relatif jauh. Area kiri tampak relatif lebih lapang."
1 (6083).jpg,sample_new_balancing_medium_far,gemma_depth_prompted,bangku ruang ganti,bangku,False,kanan,tengah,True,sedang,jauh,False,no,True,kesalahan_model_objek+kesalahan_depth,,12883,"Beberapa baris bangku panjang terlihat di dalam ruangan, dengan area depan yang relatif lapang dan terbuka. Area tengah-kanan tidak menunjukkan potensi halangan visual yang kuat karena masih berada pada kategori kedalaman relatif jauh. Area kiri tampak relatif lebih lapang."
1 (6169).jpg,sample_new_balancing_medium_far,gemma_only,bangku,Interior ruangan/koridor,True,tengah,tengah,True,sedang,,,no,,berhasil,bench is right-wall object but perspective makes center/right borderline,11390,Gambar menunjukkan interior koridor atau ruangan dengan dinding putih dan lantai kayu berwarna cokelat muda. Terdapat bangku panjang dari kayu yang membentang di sisi kanan gambar.
1 (6169).jpg,sample_new_balancing_medium_far,depth_only,bangku,,False,tengah,,True,sedang,sedang,True,no,True,scene_atau_anotasi_ambigu,bench is right-wall object but perspective makes center/right borderline,1359,"Berdasarkan estimasi kedalaman relatif, bagian bawah-kanan merupakan area yang paling dekat dibanding area lain, dengan kategori kedalaman relatif sedang. Area bawah-kanan berpotensi menjadi halangan visual karena posisinya terbaca lebih dekat dibanding area lain. Area tengah tampak relatif lebih lapang."
1 (6169).jpg,sample_new_balancing_medium_far,gemma_depth,bangku,koridor/ruangan interior,True,tengah,tengah,True,sedang,sedang,True,no,True,berhasil,bench is right-wall object but perspective makes center/right borderline,11152,"Gambar menunjukkan interior ruangan atau koridor dengan dinding berwarna terang dan lantai berkarpet. Terdapat bangku kayu panjang di bagian depan yang menjorok ke arah pandangan. Berdasarkan estimasi kedalaman relatif, bagian bawah-kanan merupakan area yang paling dekat dibanding area lain, dengan kategori kedalaman relatif sedang. Area bawah-kanan berpotensi menjadi halangan visual karena posisinya terbaca lebih dekat dibanding area lain. Area tengah tampak relatif lebih lapang."
1 (6169).jpg,sample_new_balancing_medium_far,gemma_depth_prompted,bangku,koridor interior,False,tengah,tengah,True,sedang,sedang,True,no,True,scene_atau_anotasi_ambigu,bench is right-wall object but perspective makes center/right borderline,14096,"Ruangan ini menampilkan koridor interior dengan lantai kayu dan dinding berwarna terang. Area tengah tampak relatif lapang, sementara area di bawah-kanan adalah region terdekat. Area bawah-kanan berpotensi menjadi halangan visual karena posisinya terbaca lebih dekat dibanding area lain. Area tengah tampak relatif lebih lapang."
1 (6845).jpg,sample_new_balancing_medium_far,gemma_only,tangga,Area Interior,True,tengah,tengah,True,sedang,,,no,,berhasil,,10690,"Gambar menunjukkan area interior dengan lantai berubin dan karpet oranye. Terdapat tangga batu dan panel kayu di sisi kiri, serta pintu kaca besar di sisi kanan yang menghadap ke luar."
1 (6845).jpg,sample_new_balancing_medium_far,depth_only,tangga,,False,tengah,,True,sedang,sedang,True,no,True,berhasil,,1286,"Berdasarkan estimasi kedalaman relatif, bagian bawah-kanan merupakan area yang paling dekat dibanding area lain, dengan kategori kedalaman relatif sedang. Area bawah-kanan berpotensi menjadi halangan visual karena posisinya terbaca lebih dekat dibanding area lain. Area tengah tampak relatif lebih lapang."
1 (6845).jpg,sample_new_balancing_medium_far,gemma_depth,tangga,ruangan,True,tengah,tengah,True,sedang,sedang,True,no,True,berhasil,,11994,"Gambar menunjukkan area interior ruangan dengan lantai berubin dan karpet oranye di bagian depan. Terdapat dinding kayu di sisi kiri dan tangga menuju area belakang yang tampak samar. Berdasarkan estimasi kedalaman relatif, bagian bawah-kanan merupakan area yang paling dekat dibanding area lain, dengan kategori kedalaman relatif sedang. Area bawah-kanan berpotensi menjadi halangan visual karena posisinya terbaca lebih dekat dibanding area lain. Area tengah tampak relatif lebih lapang."
1 (6845).jpg,sample_new_balancing_medium_far,gemma_depth_prompted,tangga,ruangan,False,tengah,tengah,True,sedang,sedang,True,no,True,kesalahan_model_prompted_semantik_objek,,12820,"Tampak sebuah ruangan indoor dengan lantai berubin dan karpet oranye di tengahnya. Area depan terlihat relatif lapang, sementara area paling dekat di bawah-kanan perlu diperhatikan sebagai potensi halangan visual. Area bawah-kanan berpotensi menjadi halangan visual karena posisinya terbaca lebih dekat dibanding area lain. Area tengah tampak relatif lebih lapang."
1 (7245).jpg,sample_new_balancing_medium_far,gemma_only,lorong,koridor,False,tengah,tengah,True,jauh,,,no,,kesalahan_model_objek,,10071,Gambar menunjukkan sebuah koridor indoor yang panjang dengan dinding berwarna terang dan lantai reflektif. Koridor tersebut membentang ke kejauhan di kedua sisi.
1 (7245).jpg,sample_new_balancing_medium_far,depth_only,lorong,,False,tengah,,True,jauh,jauh,True,no,True,berhasil,,1296,"Berdasarkan estimasi kedalaman relatif, bagian bawah-kiri merupakan area yang paling dekat dibanding area lain, dengan kategori kedalaman relatif jauh. Area bawah-kiri tidak menunjukkan potensi halangan visual yang kuat karena masih berada pada kategori kedalaman relatif jauh. Area tengah tampak relatif lebih lapang."
1 (7245).jpg,sample_new_balancing_medium_far,gemma_depth,lorong,Lorong/Koridor,True,tengah,tengah,True,jauh,jauh,True,no,True,berhasil,,10809,"Gambar menunjukkan sebuah lorong indoor yang panjang dengan lantai berwarna cokelat terang dan dinding berwarna krem. Lorong tersebut memiliki pintu di kedua sisi yang mengarah ke ruangan lain. Berdasarkan estimasi kedalaman relatif, bagian bawah-kiri merupakan area yang paling dekat dibanding area lain, dengan kategori kedalaman relatif jauh. Area bawah-kiri tidak menunjukkan potensi halangan visual yang kuat karena masih berada pada kategori kedalaman relatif jauh. Area tengah tampak relatif lebih lapang."
1 (7245).jpg,sample_new_balancing_medium_far,gemma_depth_prompted,lorong,koridor,True,tengah,tengah,True,jauh,jauh,True,no,True,berhasil,,12625,Tampak sebuah koridor indoor yang panjang dengan lantai berwarna kuning mengkilap. Area tengah terlihat relatif lapang dan terbuka menuju ujung lorong. Area bawah-kiri tidak menunjukkan potensi halangan visual yang kuat karena masih berada pada kategori kedalaman relatif jauh. Area tengah tampak relatif lebih lapang.
1 (7248).jpg,sample_new_balancing_medium_far,gemma_only,lorong,koridor,False,tengah,tengah,True,jauh,,,no,,kesalahan_model_objek,,9885,Gambar menunjukkan sebuah koridor indoor yang panjang dengan dinding berwarna terang dan lantai berwarna krem. Di ujung koridor terdapat sebuah ruangan dengan dinding berwarna merah.
1 (7248).jpg,sample_new_balancing_medium_far,depth_only,lorong,,False,tengah,,True,jauh,sedang,False,no,True,kesalahan_depth,,1358,"Berdasarkan estimasi kedalaman relatif, bagian bawah-kiri merupakan area yang paling dekat dibanding area lain, dengan kategori kedalaman relatif sedang. Area bawah-kiri berpotensi menjadi halangan visual karena posisinya terbaca lebih dekat dibanding area lain. Area tengah tampak relatif lebih lapang."
1 (7248).jpg,sample_new_balancing_medium_far,gemma_depth,lorong,koridor,False,tengah,tengah,True,jauh,sedang,False,no,True,kesalahan_model_objek+kesalahan_depth,,11031,"Gambar menunjukkan sebuah koridor indoor yang panjang dengan dinding berwarna terang dan lantai berwarna cokelat muda. Di ujung koridor terlihat sebuah ruangan dengan dinding merah. Berdasarkan estimasi kedalaman relatif, bagian bawah-kiri merupakan area yang paling dekat dibanding area lain, dengan kategori kedalaman relatif sedang. Area bawah-kiri berpotensi menjadi halangan visual karena posisinya terbaca lebih dekat dibanding area lain. Area tengah tampak relatif lebih lapang."
1 (7248).jpg,sample_new_balancing_medium_far,gemma_depth_prompted,lorong,koridor,False,tengah,tengah,True,jauh,sedang,False,no,True,kesalahan_model_objek+kesalahan_depth,,13449,Terlihat sebuah koridor indoor dengan lantai berwarna krem yang membentang ke kejauhan. Area tengah tampak relatif lapang dan terbuka menuju ruangan di ujungnya. Area bawah-kiri berpotensi menjadi halangan visual karena posisinya terbaca lebih dekat dibanding area lain. Area tengah tampak relatif lebih lapang.
1 (7252).jpg,sample_new_balancing_medium_far,gemma_only,lorong,Lorong,True,tengah,tengah,True,jauh,,,no,,berhasil,,10978,Gambar menunjukkan lorong panjang di dalam ruangan dengan dinding berwarna terang dan lantai berwarna cokelat kekuningan. Lorong ini membentang ke kejauhan dengan pencahayaan yang merata.
1 (7252).jpg,sample_new_balancing_medium_far,depth_only,lorong,,False,tengah,,True,jauh,jauh,True,no,True,berhasil,,1501,"Berdasarkan estimasi kedalaman relatif, bagian tengah-kanan merupakan area yang paling dekat dibanding area lain, dengan kategori kedalaman relatif jauh. Area tengah-kanan tidak menunjukkan potensi halangan visual yang kuat karena masih berada pada kategori kedalaman relatif jauh. Area tengah tampak relatif lebih lapang."
1 (7252).jpg,sample_new_balancing_medium_far,gemma_depth,lorong,koridor,False,tengah,tengah,True,jauh,jauh,True,no,True,kesalahan_model_objek,,10763,"Gambar menunjukkan sebuah koridor indoor yang panjang dengan lantai berwarna oranye terang dan dinding berwarna putih. Koridor tersebut memiliki pencahayaan merata dan tampak membentang jauh ke depan. Berdasarkan estimasi kedalaman relatif, bagian tengah-kanan merupakan area yang paling dekat dibanding area lain, dengan kategori kedalaman relatif jauh. Area tengah-kanan tidak menunjukkan potensi halangan visual yang kuat karena masih berada pada kategori kedalaman relatif jauh. Area tengah tampak relatif lebih lapang."
1 (7252).jpg,sample_new_balancing_medium_far,gemma_depth_prompted,lorong,lorong,True,tengah,tengah,True,jauh,jauh,True,no,True,berhasil,,13009,"Lorong indoor yang panjang terlihat membentang ke kejauhan. Area tengah tampak relatif lapang dan terbuka, dengan area terdekat berada di sisi tengah-kanan. Area tengah-kanan tidak menunjukkan potensi halangan visual yang kuat karena masih berada pada kategori kedalaman relatif jauh. Area tengah tampak relatif lebih lapang."
1 (7254).jpg,sample_new_balancing_medium_far,gemma_only,lorong,koridor,True,tengah,tengah,True,jauh,,,no,,berhasil,,10113,Gambar menunjukkan sebuah koridor indoor yang panjang dengan lantai mengkilap. Di sisi kanan terdapat deretan lemari pajangan kaca yang memanjang di sepanjang lorong.
1 (7254).jpg,sample_new_balancing_medium_far,depth_only,lorong,,False,tengah,,True,jauh,jauh,True,no,True,berhasil,,2554,"Berdasarkan estimasi kedalaman relatif, bagian tengah-kanan merupakan area yang paling dekat dibanding area lain, dengan kategori kedalaman relatif jauh. Area tengah-kanan tidak menunjukkan potensi halangan visual yang kuat karena masih berada pada kategori kedalaman relatif jauh. Area tengah tampak relatif lebih lapang."
1 (7254).jpg,sample_new_balancing_medium_far,gemma_depth,lorong,koridor,False,tengah,tengah,True,jauh,jauh,True,no,True,kesalahan_model_objek,,11915,"Gambar menunjukkan sebuah koridor indoor yang panjang dengan lantai mengkilap berwarna kuning keemasan. Di sisi kanan terdapat deretan lemari kayu, dan di ujung koridor terlihat pintu terang. Berdasarkan estimasi kedalaman relatif, bagian tengah-kanan merupakan area yang paling dekat dibanding area lain, dengan kategori kedalaman relatif jauh. Area tengah-kanan tidak menunjukkan potensi halangan visual yang kuat karena masih berada pada kategori kedalaman relatif jauh. Area tengah tampak relatif lebih lapang."
1 (7254).jpg,sample_new_balancing_medium_far,gemma_depth_prompted,lorong,koridor,True,tengah,tengah,True,jauh,jauh,True,no,True,berhasil,,15771,"Koridor indoor ini memperlihatkan lorong panjang dengan lantai mengkilap yang membentang ke kejauhan. Area depan terlihat relatif lapang dan terbuka, menunjukkan kedalaman visual yang jauh. Area tengah-kanan tidak menunjukkan potensi halangan visual yang kuat karena masih berada pada kategori kedalaman relatif jauh. Area tengah tampak relatif lebih lapang."
1 (8391).jpg,sample_new_balancing_medium_far,gemma_only,meja kecil,tangga,False,kiri,tengah,False,sedang,,,no,,kesalahan_model_objek+kesalahan_model_posisi,,8794,Gambar menunjukkan tangga kayu interior yang membentang di sepanjang dinding dengan pagar pembatas. Area tersebut tampak terang dan memiliki lantai kayu.
1 (8391).jpg,sample_new_balancing_medium_far,depth_only,meja kecil,,False,kiri,,False,sedang,jauh,False,no,True,kesalahan_depth,,1749,"Berdasarkan estimasi kedalaman relatif, bagian bawah-kanan merupakan area yang paling dekat dibanding area lain, dengan kategori kedalaman relatif jauh. Area bawah-kanan tidak menunjukkan potensi halangan visual yang kuat karena masih berada pada kategori kedalaman relatif jauh. Area tengah tampak relatif lebih lapang."
1 (8391).jpg,sample_new_balancing_medium_far,gemma_depth,meja kecil,Tangga dan pagar pembatas,False,kiri,tengah,False,sedang,jauh,False,no,True,kesalahan_model_objek+kesalahan_model_posisi+kesalahan_depth,,11126,"Gambar menunjukkan interior ruangan dengan tangga kayu yang menanjak di tengah. Terdapat pagar pembatas putih sepanjang tangga dan lantai kayu di bagian bawah. Berdasarkan estimasi kedalaman relatif, bagian bawah-kanan merupakan area yang paling dekat dibanding area lain, dengan kategori kedalaman relatif jauh. Area bawah-kanan tidak menunjukkan potensi halangan visual yang kuat karena masih berada pada kategori kedalaman relatif jauh. Area tengah tampak relatif lebih lapang."
1 (8391).jpg,sample_new_balancing_medium_far,gemma_depth_prompted,meja kecil,Tangga dan Interior,False,kiri,tengah,False,sedang,jauh,False,no,True,kesalahan_model_objek+kesalahan_model_posisi+kesalahan_depth,,15986,"Tampak sebuah tangga kayu di dalam ruangan dengan pagar pembatas, menciptakan suasana interior yang terang. Area tengah terlihat relatif lapang dan terbuka. Area bawah-kanan tidak menunjukkan potensi halangan visual yang kuat karena masih berada pada kategori kedalaman relatif jauh. Area tengah tampak relatif lebih lapang."
1 (8466).jpg,sample_new_balancing_medium_far,gemma_only,kabinet dapur,Dapur dan Lemari,False,kiri,depan,False,sedang,,,no,,kesalahan_model_objek+kesalahan_model_posisi,,9731,Gambar menunjukkan area interior dapur dengan lemari kayu di sepanjang dinding dan meja dapur di bagian depan. Terdapat sebuah pintu masuk ke ruangan lain di latar belakang.
1 (8466).jpg,sample_new_balancing_medium_far,depth_only,kabinet dapur,,False,kiri,,False,sedang,dekat,False,no,False,kesalahan_depth,,1552,"Berdasarkan estimasi kedalaman relatif, bagian bawah-kanan merupakan area yang paling dekat dibanding area lain, dengan kategori kedalaman relatif dekat. Area bawah-kanan berpotensi menjadi halangan visual karena posisinya terbaca lebih dekat dibanding area lain. Area tengah tampak relatif lebih lapang."
1 (8466).jpg,sample_new_balancing_medium_far,gemma_depth,kabinet dapur,Dapur dan Kabinet,False,kiri,tengah,False,sedang,dekat,False,no,False,kesalahan_model_objek+kesalahan_model_posisi+kesalahan_depth,,12132,"Gambar ini menunjukkan area dapur dengan kabinet kayu di bagian depan. Terdapat sebuah pintu terbuka yang mengarah ke ruangan lain di latar belakang. Berdasarkan estimasi kedalaman relatif, bagian bawah-kanan merupakan area yang paling dekat dibanding area lain, dengan kategori kedalaman relatif dekat. Area bawah-kanan berpotensi menjadi halangan visual karena posisinya terbaca lebih dekat dibanding area lain. Area tengah tampak relatif lebih lapang."
1 (8466).jpg,sample_new_balancing_medium_far,gemma_depth_prompted,kabinet dapur,Dapur,False,kiri,tengah,False,sedang,dekat,False,no,False,kesalahan_model_objek+kesalahan_model_posisi+kesalahan_depth,,15915,Tampak interior dapur dengan lemari kayu dan meja yang membentang secara horizontal. Area terdekat menunjukkan potensi halangan visual yang perlu diperhatikan. Area bawah-kanan berpotensi menjadi halangan visual karena posisinya terbaca lebih dekat dibanding area lain. Area tengah tampak relatif lebih lapang.
1 (8477).jpg,sample_new_balancing_medium_far,gemma_only,meja ruang tamu,Ruang tamu,False,tengah,tengah,True,sedang,,,no,,scene_atau_anotasi_ambigu,living-room table appears central but foreground openness is subjective,10078,Gambar menunjukkan interior ruangan yang dilengkapi dengan sofa dan meja di depan jendela besar. Tata letak furnitur tampak simetris dan fokus pada area duduk.
1 (8477).jpg,sample_new_balancing_medium_far,depth_only,meja ruang tamu,,False,tengah,,True,sedang,dekat,False,no,False,scene_atau_anotasi_ambigu,living-room table appears central but foreground openness is subjective,1788,"Berdasarkan estimasi kedalaman relatif, bagian bawah-kanan merupakan area yang paling dekat dibanding area lain, dengan kategori kedalaman relatif dekat. Area bawah-kanan berpotensi menjadi halangan visual karena posisinya terbaca lebih dekat dibanding area lain. Area tengah tampak relatif lebih lapang."
1 (8477).jpg,sample_new_balancing_medium_far,gemma_depth,meja ruang tamu,Ruang tamu,False,tengah,tengah,True,sedang,dekat,False,no,False,scene_atau_anotasi_ambigu,living-room table appears central but foreground openness is subjective,11090,"Gambar menunjukkan area duduk interior dengan sofa dan meja kopi di tengah ruangan. Terdapat jendela besar yang membiarkan cahaya masuk ke dalam ruangan. Berdasarkan estimasi kedalaman relatif, bagian bawah-kanan merupakan area yang paling dekat dibanding area lain, dengan kategori kedalaman relatif dekat. Area bawah-kanan berpotensi menjadi halangan visual karena posisinya terbaca lebih dekat dibanding area lain. Area tengah tampak relatif lebih lapang."
1 (8477).jpg,sample_new_balancing_medium_far,gemma_depth_prompted,meja ruang tamu,Ruang tamu,False,tengah,tengah,True,sedang,dekat,False,no,False,scene_atau_anotasi_ambigu,living-room table appears central but foreground openness is subjective,14851,"Tampak sebuah ruangan dalam ruangan dengan perabotan duduk yang tertata di tengah, di mana area paling dekat berada di bagian bawah-kanan. Terdapat potensi halangan visual pada area depan yang perlu diperhatikan secara relatif. Area bawah-kanan berpotensi menjadi halangan visual karena posisinya terbaca lebih dekat dibanding area lain. Area tengah tampak relatif lebih lapang."
1 (8553).jpg,sample_new_balancing_medium_far,gemma_only,lorong,Interior Hallway,True,tengah,tengah,True,sedang,,,no,,berhasil,,10087,"Gambar menunjukkan bagian dalam ruangan atau lorong dengan lantai kayu dan dinding berwarna krem. Terdapat beberapa pintu kayu yang terlihat di sisi kiri, kanan, dan tengah gambar."
1 (8553).jpg,sample_new_balancing_medium_far,depth_only,lorong,,False,tengah,,True,sedang,dekat,False,no,False,kesalahan_depth,,1688,"Berdasarkan estimasi kedalaman relatif, bagian bawah-kiri merupakan area yang paling dekat dibanding area lain, dengan kategori kedalaman relatif dekat. Area bawah-kiri berpotensi menjadi halangan visual karena posisinya terbaca lebih dekat dibanding area lain. Area tengah tampak relatif lebih lapang."
1 (8553).jpg,sample_new_balancing_medium_far,gemma_depth,lorong,Interior ruangan,True,tengah,tengah,True,sedang,dekat,False,no,False,kesalahan_depth,,11692,"Gambar menunjukkan bagian dalam ruangan dengan lantai kayu dan dinding berwarna krem. Terdapat beberapa pintu kayu yang membentuk lorong atau transisi antar ruangan. Berdasarkan estimasi kedalaman relatif, bagian bawah-kiri merupakan area yang paling dekat dibanding area lain, dengan kategori kedalaman relatif dekat. Area bawah-kiri berpotensi menjadi halangan visual karena posisinya terbaca lebih dekat dibanding area lain. Area tengah tampak relatif lebih lapang."
1 (8553).jpg,sample_new_balancing_medium_far,gemma_depth_prompted,lorong,Interior ruangan,False,tengah,tengah,True,sedang,dekat,False,no,False,kesalahan_model_objek+kesalahan_depth,,14066,Tampak interior sebuah ruangan dengan lantai kayu dan beberapa pintu di sekitarnya. Area depan memiliki potensi halangan visual yang perlu diperhatikan. Area bawah-kiri berpotensi menjadi halangan visual karena posisinya terbaca lebih dekat dibanding area lain. Area tengah tampak relatif lebih lapang.
indoor_001.webp,original_30,gemma_only,kipas angin,Ruangan berantakan,False,kanan,tengah,False,dekat,,,yes,,kesalahan_model_objek+kesalahan_model_posisi,,11743,Gambar menunjukkan interior ruangan dengan lantai keramik yang dipenuhi berbagai peralatan dan tumpukan barang. Area tersebut tampak sangat berantakan dengan banyak kabel dan perlengkapan elektronik.
indoor_001.webp,original_30,depth_only,kipas angin,,False,kanan,,True,dekat,sedang,False,yes,False,kesalahan_depth,,1529,"Berdasarkan estimasi kedalaman relatif, bagian bawah-kanan merupakan area yang paling dekat dibanding area lain, dengan kategori kedalaman relatif sedang. Area bawah-kanan berpotensi menjadi halangan visual karena posisinya terbaca lebih dekat dibanding area lain. Area tengah tampak relatif lebih lapang."
indoor_001.webp,original_30,gemma_depth,kipas angin,Area penyimpanan dan meja kerja,False,kanan,tengah,True,dekat,sedang,False,yes,False,kesalahan_model_objek+kesalahan_depth,,11783,"Gambar menunjukkan lingkungan indoor yang tampak berantakan dengan lantai keramik. Terdapat rak penyimpanan berwarna hijau di sisi kiri dan area meja kerja dengan peralatan komputer di sisi kanan. Berdasarkan estimasi kedalaman relatif, bagian bawah-kanan merupakan area yang paling dekat dibanding area lain, dengan kategori kedalaman relatif sedang. Area bawah-kanan berpotensi menjadi halangan visual karena posisinya terbaca lebih dekat dibanding area lain. Area tengah tampak relatif lebih lapang."
indoor_001.webp,original_30,gemma_depth_prompted,kipas angin,ruangan,False,kanan,tengah,True,dekat,sedang,False,yes,False,kesalahan_model_objek+kesalahan_depth,,14517,Ruangan indoor ini menunjukkan lantai berubin yang luas dengan berbagai peralatan dan barang tersusun di atasnya. Area terdekat di bagian bawah-kanan tampak sebagai area yang perlu diperhatikan secara relatif. Area bawah-kanan berpotensi menjadi halangan visual karena posisinya terbaca lebih dekat dibanding area lain. Area tengah tampak relatif lebih lapang.
indoor_002.webp,original_30,gemma_only,kipas angin,Peralatan dan lemari penyimpanan,False,kanan,tengah,False,dekat,,,yes,,kesalahan_model_objek+kesalahan_model_posisi,,12189,Gambar menunjukkan interior ruangan dengan lantai keramik. Terdapat lemari penyimpanan berwarna hijau besar dan berbagai peralatan serta kabel yang tersebar di lantai.
indoor_002.webp,original_30,depth_only,kipas angin,,False,kanan,,True,dekat,sedang,False,yes,False,kesalahan_depth,,1680,"Berdasarkan estimasi kedalaman relatif, bagian bawah-kanan merupakan area yang paling dekat dibanding area lain, dengan kategori kedalaman relatif sedang. Area bawah-kanan berpotensi menjadi halangan visual karena posisinya terbaca lebih dekat dibanding area lain. Area kiri tampak relatif lebih lapang."
indoor_002.webp,original_30,gemma_depth,kipas angin,Peralatan dan Lemari Penyimpanan,False,kanan,tengah,True,dekat,sedang,False,yes,False,kesalahan_model_objek+kesalahan_depth,,13041,"Gambar menunjukkan lingkungan indoor yang berisi berbagai peralatan dan lemari penyimpanan. Peralatan seperti tripod dan kabel terlihat tersebar di lantai ruangan. Berdasarkan estimasi kedalaman relatif, bagian bawah-kanan merupakan area yang paling dekat dibanding area lain, dengan kategori kedalaman relatif sedang. Area bawah-kanan berpotensi menjadi halangan visual karena posisinya terbaca lebih dekat dibanding area lain. Area kiri tampak relatif lebih lapang."
indoor_002.webp,original_30,gemma_depth_prompted,kipas angin,ruangan,False,kanan,tengah,True,dekat,sedang,False,yes,False,kesalahan_model_objek+kesalahan_depth,,13908,"Tampak sebuah ruangan indoor dengan lemari berwarna hijau sebagai objek utama di tengah. Area depan terlihat relatif lapang, sementara area paling dekat (bawah-kanan) berada pada kategori sedang kedekatannya. Area bawah-kanan berpotensi menjadi halangan visual karena posisinya terbaca lebih dekat dibanding area lain. Area kiri tampak relatif lebih lapang."
indoor_003.webp,original_30,gemma_only,meja kerja,Meja kerja,True,tengah,tengah,True,dekat,,,yes,,berhasil,,9162,Gambar menunjukkan pengaturan meja kerja indoor dengan kursi kantor dan beberapa perangkat elektronik. Terdapat banyak kabel yang terlihat berserakan di atas meja.
indoor_003.webp,original_30,depth_only,meja kerja,,False,tengah,,False,dekat,dekat,True,yes,True,keterbatasan_depth_only_posisi_grid,,1686,"Berdasarkan estimasi kedalaman relatif, bagian bawah-kiri merupakan area yang paling dekat dibanding area lain, dengan kategori kedalaman relatif dekat. Area bawah-kiri berpotensi menjadi halangan visual karena posisinya terbaca lebih dekat dibanding area lain. Area kanan tampak relatif lebih lapang."
indoor_003.webp,original_30,gemma_depth,meja kerja,Meja kerja,True,tengah,tengah,True,dekat,dekat,True,yes,True,berhasil,,10509,"Gambar menunjukkan pengaturan meja kerja indoor dengan beberapa monitor, laptop, dan kursi kantor. Terdapat kabel yang terlihat berserakan di atas permukaan meja. Berdasarkan estimasi kedalaman relatif, bagian bawah-kiri merupakan area yang paling dekat dibanding area lain, dengan kategori kedalaman relatif dekat. Area bawah-kiri berpotensi menjadi halangan visual karena posisinya terbaca lebih dekat dibanding area lain. Area kanan tampak relatif lebih lapang."
indoor_003.webp,original_30,gemma_depth_prompted,meja kerja,Meja kerja,True,tengah,tengah,True,dekat,dekat,True,yes,True,berhasil,,14200,Tampak sebuah meja kerja dengan beberapa perangkat komputer dan kursi di atasnya. Area terdekat di bagian bawah-kiri tampak berpotensi menjadi halangan visual. Area bawah-kiri berpotensi menjadi halangan visual karena posisinya terbaca lebih dekat dibanding area lain. Area kanan tampak relatif lebih lapang.
indoor_004.webp,original_30,gemma_only,tumpukan barang,Area penyimpanan dan pintu,False,kanan,tengah,False,dekat,,,yes,,kesalahan_model_objek+kesalahan_model_posisi,,10506,"Gambar menunjukkan area dalam ruangan dengan pintu kayu dan dinding berwarna kuning. Beberapa pakaian tergantung di dekat pintu, dan terdapat beberapa tas serta kotak yang tersusun di lantai."
indoor_004.webp,original_30,depth_only,tumpukan barang,,False,kanan,,True,dekat,dekat,True,yes,True,berhasil,,1669,"Berdasarkan estimasi kedalaman relatif, bagian bawah-kanan merupakan area yang paling dekat dibanding area lain, dengan kategori kedalaman relatif dekat. Area bawah-kanan berpotensi menjadi halangan visual karena posisinya terbaca lebih dekat dibanding area lain. Area kiri tampak relatif lebih lapang."
indoor_004.webp,original_30,gemma_depth,tumpukan barang,Pintu dan tumpukan barang,True,kanan,tengah,True,dekat,dekat,True,yes,True,berhasil,,11042,"Gambar menunjukkan area dalam ruangan dengan pintu kayu sebagai fokus utama. Di depan pintu terdapat pakaian yang digantung dan beberapa tas atau koper tergeletak di lantai. Berdasarkan estimasi kedalaman relatif, bagian bawah-kanan merupakan area yang paling dekat dibanding area lain, dengan kategori kedalaman relatif dekat. Area bawah-kanan berpotensi menjadi halangan visual karena posisinya terbaca lebih dekat dibanding area lain. Area kiri tampak relatif lebih lapang."
indoor_004.webp,original_30,gemma_depth_prompted,tumpukan barang,pintu dan barang,False,kanan,tengah,True,dekat,dekat,True,yes,True,kesalahan_model_prompted_semantik_objek,,12908,Area indoor ini menampilkan pintu kayu dan berbagai barang yang tersusun di lantai serta dinding. Area depan menunjukkan potensi halangan visual yang perlu diperhatikan secara relatif. Area bawah-kanan berpotensi menjadi halangan visual karena posisinya terbaca lebih dekat dibanding area lain. Area kiri tampak relatif lebih lapang.
indoor_005.webp,original_30,gemma_only,kulkas,Lorong dan Lemari Penyimpanan,False,kanan,tengah,True,sedang,,,no,,kesalahan_model_objek,,12034,Gambar menunjukkan lorong indoor yang sempit dengan lantai berubin. Terdapat sebuah lemari penyimpanan panjang di sisi kanan lorong yang berisi beberapa botol dan barang lainnya.
indoor_005.webp,original_30,depth_only,kulkas,,False,kanan,,True,sedang,dekat,False,no,False,kesalahan_depth,,1808,"Berdasarkan estimasi kedalaman relatif, bagian tengah-kanan merupakan area yang paling dekat dibanding area lain, dengan kategori kedalaman relatif dekat. Area tengah-kanan berpotensi menjadi halangan visual karena posisinya terbaca lebih dekat dibanding area lain. Area tengah tampak relatif lebih lapang."
indoor_005.webp,original_30,gemma_depth,kulkas,koridor,False,kanan,tengah,True,sedang,dekat,False,no,False,kesalahan_model_objek+kesalahan_depth,,11847,"Gambar menunjukkan pemandangan koridor indoor yang panjang dengan lantai berubin. Terdapat lemari penyimpanan gelap di bagian tengah dan beberapa botol serta barang lain terlihat di sepanjang dinding bawah. Berdasarkan estimasi kedalaman relatif, bagian tengah-kanan merupakan area yang paling dekat dibanding area lain, dengan kategori kedalaman relatif dekat. Area tengah-kanan berpotensi menjadi halangan visual karena posisinya terbaca lebih dekat dibanding area lain. Area tengah tampak relatif lebih lapang."
indoor_005.webp,original_30,gemma_depth_prompted,kulkas,koridor,False,kanan,tengah,True,sedang,dekat,False,no,False,kesalahan_model_objek+kesalahan_depth,,14715,"Tampak sebuah koridor indoor dengan lantai berubin yang memanjang. Area tengah terlihat relatif terbuka, namun terdapat potensi halangan visual di area depan yang perlu diperhatikan. Area tengah-kanan berpotensi menjadi halangan visual karena posisinya terbaca lebih dekat dibanding area lain. Area tengah tampak relatif lebih lapang."
indoor_006.webp,original_30,gemma_only,galon air,Area Dapur,False,kiri,tengah,False,sangat_dekat,,,yes,,kesalahan_model_objek+kesalahan_model_posisi,,11304,"Gambar menunjukkan area dapur indoor dengan lantai keramik dan dinding berubin. Terdapat kompor, beberapa wadah, dan botol air di latar depan."
indoor_006.webp,original_30,depth_only,galon air,,False,kiri,,True,sangat_dekat,dekat,False,yes,True,kesalahan_depth,,1615,"Berdasarkan estimasi kedalaman relatif, bagian bawah-kiri merupakan area yang paling dekat dibanding area lain, dengan kategori kedalaman relatif dekat. Area bawah-kiri berpotensi menjadi halangan visual karena posisinya terbaca lebih dekat dibanding area lain. Area kanan tampak relatif lebih lapang."
indoor_006.webp,original_30,gemma_depth,galon air,area dapur,False,kiri,tengah,True,sangat_dekat,dekat,False,yes,True,kesalahan_model_objek+kesalahan_depth,,11815,"Gambar menunjukkan area dapur indoor dengan kompor dan berbagai wadah yang diletakkan di atas meja dan lantai. Terdapat botol air besar dan beberapa peralatan masak terlihat jelas. Berdasarkan estimasi kedalaman relatif, bagian bawah-kiri merupakan area yang paling dekat dibanding area lain, dengan kategori kedalaman relatif dekat. Area bawah-kiri berpotensi menjadi halangan visual karena posisinya terbaca lebih dekat dibanding area lain. Area kanan tampak relatif lebih lapang."
indoor_006.webp,original_30,gemma_depth_prompted,galon air,area dapur,False,kiri,tengah,True,sangat_dekat,dekat,False,yes,True,kesalahan_model_objek+kesalahan_depth,,14110,Area ini menampilkan setup dapur indoor dengan kompor dan berbagai wadah yang diletakkan di atas meja. Area terdekat di bawah kiri perlu diperhatikan karena statusnya menunjukkan potensi halangan visual. Area bawah-kiri berpotensi menjadi halangan visual karena posisinya terbaca lebih dekat dibanding area lain. Area kanan tampak relatif lebih lapang.
indoor_007.webp,original_30,gemma_only,kantong belanja,ruangan,False,kanan,tengah,False,dekat,,,yes,,kesalahan_model_objek+kesalahan_model_posisi,,10734,"Gambar menunjukkan sudut ruangan indoor dengan dinding dan lantai berubin. Terdapat pintu terbuka yang mengarah ke area lain, serta beberapa kotak kardus dan alat pembersih di latar depan."
indoor_007.webp,original_30,depth_only,kantong belanja,,False,kanan,,True,dekat,dekat,True,yes,True,berhasil,,1674,"Berdasarkan estimasi kedalaman relatif, bagian bawah-kanan merupakan area yang paling dekat dibanding area lain, dengan kategori kedalaman relatif dekat. Area bawah-kanan berpotensi menjadi halangan visual karena posisinya terbaca lebih dekat dibanding area lain. Area tengah tampak relatif lebih lapang."
indoor_007.webp,original_30,gemma_depth,kantong belanja,Area ruangan dengan lantai berubin,False,kanan,tengah,True,dekat,dekat,True,yes,True,kesalahan_model_objek,,13064,"Gambar menunjukkan interior ruangan dengan dinding berubin dan lantai berpola. Terdapat area wastafel di sisi kiri dan pintu yang mengarah ke lorong atau ruangan lain. Berdasarkan estimasi kedalaman relatif, bagian bawah-kanan merupakan area yang paling dekat dibanding area lain, dengan kategori kedalaman relatif dekat. Area bawah-kanan berpotensi menjadi halangan visual karena posisinya terbaca lebih dekat dibanding area lain. Area tengah tampak relatif lebih lapang."
indoor_007.webp,original_30,gemma_depth_prompted,kantong belanja,area kamar,False,kanan,tengah,True,dekat,dekat,True,yes,True,kesalahan_model_prompted_semantik_objek,,14527,Area indoor ini menampilkan sudut ruangan dengan wastafel di sisi kiri dan pintu kayu di sisi kanan. Area terdekat di bawah-kanan menunjukkan potensi halangan visual yang perlu diperhatikan di depan pintu. Area bawah-kanan berpotensi menjadi halangan visual karena posisinya terbaca lebih dekat dibanding area lain. Area tengah tampak relatif lebih lapang.
indoor_008.webp,original_30,gemma_only,ember,Area kamar mandi/ruangan,False,kiri,tengah,False,dekat,,,yes,,scene_atau_anotasi_ambigu,small bathroom; safer direction intrinsically unclear,11572,Gambar menunjukkan interior ruangan dengan lantai dan dinding berubin. Terdapat dua tempat sampah besar di lantai dan rak kecil di dinding.
indoor_008.webp,original_30,depth_only,ember,,False,kiri,,True,dekat,dekat,True,yes,True,scene_atau_anotasi_ambigu,small bathroom; safer direction intrinsically unclear,1581,"Berdasarkan estimasi kedalaman relatif, bagian tengah-kanan merupakan area yang paling dekat dibanding area lain, dengan kategori kedalaman relatif dekat. Area tengah-kanan berpotensi menjadi halangan visual karena posisinya terbaca lebih dekat dibanding area lain. Area kiri tampak relatif lebih lapang."
indoor_008.webp,original_30,gemma_depth,ember,sudut ruangan,False,kiri,tengah,True,dekat,dekat,True,yes,True,scene_atau_anotasi_ambigu,small bathroom; safer direction intrinsically unclear,13063,"Gambar menunjukkan sudut ruangan dengan dinding dan lantai berubin. Terdapat beberapa tempat sampah plastik di lantai dekat dinding. Berdasarkan estimasi kedalaman relatif, bagian tengah-kanan merupakan area yang paling dekat dibanding area lain, dengan kategori kedalaman relatif dekat. Area tengah-kanan berpotensi menjadi halangan visual karena posisinya terbaca lebih dekat dibanding area lain. Area kiri tampak relatif lebih lapang."
indoor_008.webp,original_30,gemma_depth_prompted,ember,tempat sampah,False,kiri,bawah,True,dekat,dekat,True,yes,True,scene_atau_anotasi_ambigu,small bathroom; safer direction intrinsically unclear,14830,"Tampak dua bak plastik besar berada di lantai ruangan, dengan area terdekat berada di tengah-kanan. Area depan menunjukkan potensi halangan visual yang perlu diperhatikan. Area tengah-kanan berpotensi menjadi halangan visual karena posisinya terbaca lebih dekat dibanding area lain. Area kiri tampak relatif lebih lapang."
indoor_009.webp,original_30,gemma_only,ember,Area kamar mandi,False,kiri,tengah,False,dekat,,,yes,,scene_atau_anotasi_ambigu,small bathroom; two containers split left/right,10067,Gambar menunjukkan interior kamar mandi dengan dinding dan lantai berubin. Terdapat bak mandi dan beberapa wadah penyimpanan di area tersebut.
indoor_009.webp,original_30,depth_only,ember,,False,kiri,,False,dekat,jauh,False,yes,False,scene_atau_anotasi_ambigu,small bathroom; two containers split left/right,1927,"Berdasarkan estimasi kedalaman relatif, bagian bawah-kanan merupakan area yang paling dekat dibanding area lain, dengan kategori kedalaman relatif jauh. Area bawah-kanan tidak menunjukkan potensi halangan visual yang kuat karena masih berada pada kategori kedalaman relatif jauh. Area tengah tampak relatif lebih lapang."
indoor_009.webp,original_30,gemma_depth,ember,Area kamar mandi,False,kiri,tengah,False,dekat,jauh,False,yes,False,scene_atau_anotasi_ambigu,small bathroom; two containers split left/right,10585,"Gambar menunjukkan interior area kamar mandi dengan dinding berubin dan lantai keramik. Terdapat beberapa bak plastik besar di lantai dan rak penyimpanan di dinding. Berdasarkan estimasi kedalaman relatif, bagian bawah-kanan merupakan area yang paling dekat dibanding area lain, dengan kategori kedalaman relatif jauh. Area bawah-kanan tidak menunjukkan potensi halangan visual yang kuat karena masih berada pada kategori kedalaman relatif jauh. Area tengah tampak relatif lebih lapang."
indoor_009.webp,original_30,gemma_depth_prompted,ember,wadah plastik,False,kiri,bawah,False,dekat,jauh,False,yes,False,scene_atau_anotasi_ambigu,small bathroom; two containers split left/right,14742,"Area dalam ruangan ini menampilkan lantai berubin dan dinding berpanel, dengan beberapa wadah plastik diletakkan di lantai. Area tengah tampak relatif lapang dan terbuka. Area bawah-kanan tidak menunjukkan potensi halangan visual yang kuat karena masih berada pada kategori kedalaman relatif jauh. Area tengah tampak relatif lebih lapang."
indoor_010.webp,original_30,gemma_only,wastafel,wastafel dan area kamar mandi,True,tengah,tengah,True,dekat,,,yes,,berhasil,"sink/counter close-up, not pure walking path",10318,Gambar menunjukkan area wastafel di dalam ruangan dengan ubin dinding berpola kotak-kotak. Di atas wastafel terdapat beberapa wadah logam dan rak penyimpanan.
indoor_010.webp,original_30,depth_only,wastafel,,False,tengah,,False,dekat,dekat,True,yes,True,scene_atau_anotasi_ambigu,"sink/counter close-up, not pure walking path",1646,"Berdasarkan estimasi kedalaman relatif, bagian bawah-kanan merupakan area yang paling dekat dibanding area lain, dengan kategori kedalaman relatif dekat. Area bawah-kanan berpotensi menjadi halangan visual karena posisinya terbaca lebih dekat dibanding area lain. Area kiri tampak relatif lebih lapang."
indoor_010.webp,original_30,gemma_depth,wastafel,Area wastafel dan dinding kamar mandi,True,tengah,tengah,True,dekat,dekat,True,yes,True,berhasil,"sink/counter close-up, not pure walking path",11801,"Gambar menunjukkan area wastafel di dalam ruangan dengan ubin berpola. Beberapa wadah logam dan handuk tergantung di dinding di atas bak cuci. Berdasarkan estimasi kedalaman relatif, bagian bawah-kanan merupakan area yang paling dekat dibanding area lain, dengan kategori kedalaman relatif dekat. Area bawah-kanan berpotensi menjadi halangan visual karena posisinya terbaca lebih dekat dibanding area lain. Area kiri tampak relatif lebih lapang."
indoor_010.webp,original_30,gemma_depth_prompted,wastafel,wastafel dan area wastafel,True,tengah,tengah,True,dekat,dekat,True,yes,True,berhasil,"sink/counter close-up, not pure walking path",14499,"Area ini menampilkan wastafel dapur atau kamar mandi dengan ubin berpola kotak-kotak. Area terdekat di bawah kanan menunjukkan beberapa mangkuk logam tergantung di dinding, sementara area kiri tampak relatif terbuka. Area bawah-kanan berpotensi menjadi halangan visual karena posisinya terbaca lebih dekat dibanding area lain. Area kiri tampak relatif lebih lapang."
indoor_011.webp,original_30,gemma_only,galon air,Area ruangan,False,kanan,tengah,True,dekat,,,yes,,kesalahan_model_objek,,10687,Gambar menunjukkan area interior ruangan dengan lantai ubin putih dan dinding berwarna terang. Beberapa botol air dan peralatan masak terlihat di sisi kanan ruangan.
indoor_011.webp,original_30,depth_only,galon air,,False,kanan,,False,dekat,dekat,True,yes,True,keterbatasan_depth_only_posisi_grid,,1628,"Berdasarkan estimasi kedalaman relatif, bagian bawah-kiri merupakan area yang paling dekat dibanding area lain, dengan kategori kedalaman relatif dekat. Area bawah-kiri berpotensi menjadi halangan visual karena posisinya terbaca lebih dekat dibanding area lain. Area tengah tampak relatif lebih lapang."
indoor_011.webp,original_30,gemma_depth,galon air,Area dapur/interior,False,kanan,tengah,True,dekat,dekat,True,yes,True,kesalahan_model_objek,,12623,"Gambar menunjukkan area interior dengan lantai keramik putih dan dinding berwarna terang. Di sisi kanan terdapat meja atau kabinet tempat beberapa botol air minum dan peralatan masak terlihat. Berdasarkan estimasi kedalaman relatif, bagian bawah-kiri merupakan area yang paling dekat dibanding area lain, dengan kategori kedalaman relatif dekat. Area bawah-kiri berpotensi menjadi halangan visual karena posisinya terbaca lebih dekat dibanding area lain. Area tengah tampak relatif lebih lapang."
indoor_011.webp,original_30,gemma_depth_prompted,galon air,area ruangan,False,kanan,tengah,True,dekat,dekat,True,yes,True,kesalahan_model_prompted_semantik_objek,,14841,"Area interior terlihat dengan lantai keramik dan dinding, di mana area bawah-kiri adalah region terdekat yang berpotensi menjadi halangan visual. Terdapat beberapa botol air dan peralatan masak yang diletakkan di sepanjang permukaan meja di sisi kanan. Area bawah-kiri berpotensi menjadi halangan visual karena posisinya terbaca lebih dekat dibanding area lain. Area tengah tampak relatif lebih lapang."
indoor_012.webp,original_30,gemma_only,magic com,koridor,False,kiri,tengah,False,dekat,,,yes,,kesalahan_model_objek+kesalahan_model_posisi,,11218,Gambar menunjukkan interior koridor atau ruangan dengan lantai keramik berwarna terang. Di latar depan terdapat beberapa peralatan rumah tangga dan lemari kayu yang membentang di sepanjang dinding.
indoor_012.webp,original_30,depth_only,magic com,,False,kiri,,True,dekat,dekat,True,yes,True,berhasil,,1577,"Berdasarkan estimasi kedalaman relatif, bagian bawah-kiri merupakan area yang paling dekat dibanding area lain, dengan kategori kedalaman relatif dekat. Area bawah-kiri berpotensi menjadi halangan visual karena posisinya terbaca lebih dekat dibanding area lain. Area kanan tampak relatif lebih lapang."
indoor_012.webp,original_30,gemma_depth,magic com,koridor,False,kiri,tengah,True,dekat,dekat,True,yes,True,kesalahan_model_objek,,11414,"Gambar menunjukkan sebuah koridor indoor yang panjang dengan lantai keramik putih. Di sisi kiri terdapat lemari dan pintu kayu, sementara di bagian bawah terlihat sebuah alat masak diletakkan di atas kursi. Berdasarkan estimasi kedalaman relatif, bagian bawah-kiri merupakan area yang paling dekat dibanding area lain, dengan kategori kedalaman relatif dekat. Area bawah-kiri berpotensi menjadi halangan visual karena posisinya terbaca lebih dekat dibanding area lain. Area kanan tampak relatif lebih lapang."
indoor_012.webp,original_30,gemma_depth_prompted,magic com,Perabotan dan lorong,False,kiri,tengah,True,dekat,dekat,True,yes,True,kesalahan_model_prompted_semantik_objek,,14897,"Tampak sebuah meja dan teko di latar depan ruangan dalam ruangan ini, mengarah ke lorong dengan pintu kayu di tengah. Area depan pintu berpotensi menjadi halangan visual yang perlu diperhatikan. Area bawah-kiri berpotensi menjadi halangan visual karena posisinya terbaca lebih dekat dibanding area lain. Area kanan tampak relatif lebih lapang."
indoor_013.webp,original_30,gemma_only,pintu,Pintu dan Lantai,True,tengah,tengah|kanan,True,jauh,,,no,,berhasil,,11330,Gambar menunjukkan interior ruangan dengan lantai keramik putih dan dua pintu kayu berwarna cokelat. Terdapat tirai di sisi kiri dan kanan serta karpet kecil di area depan.
indoor_013.webp,original_30,depth_only,pintu,,False,tengah,,False,jauh,jauh,True,no,True,keterbatasan_depth_only_posisi_grid,,1542,"Berdasarkan estimasi kedalaman relatif, bagian bawah-kanan merupakan area yang paling dekat dibanding area lain, dengan kategori kedalaman relatif jauh. Area bawah-kanan tidak menunjukkan potensi halangan visual yang kuat karena masih berada pada kategori kedalaman relatif jauh. Area kiri tampak relatif lebih lapang."
indoor_013.webp,original_30,gemma_depth,pintu,Pintu dan Lantai,True,tengah,tengah,True,jauh,jauh,True,no,True,berhasil,,12259,"Gambar menunjukkan interior ruangan dengan lantai keramik putih dan pintu kayu cokelat sebagai objek utama. Terdapat tirai hijau di sisi kiri dan karpet kecil di lantai. Berdasarkan estimasi kedalaman relatif, bagian bawah-kanan merupakan area yang paling dekat dibanding area lain, dengan kategori kedalaman relatif jauh. Area bawah-kanan tidak menunjukkan potensi halangan visual yang kuat karena masih berada pada kategori kedalaman relatif jauh. Area kiri tampak relatif lebih lapang."
indoor_013.webp,original_30,gemma_depth_prompted,pintu,Pintu,True,tengah,kanan,False,jauh,jauh,True,no,True,kesalahan_model_posisi,,14675,Tampak interior ruangan indoor dengan lantai keramik putih dan pintu kayu gelap di sisi kanan. Area kiri terlihat relatif lapang dan terbuka. Area bawah-kanan tidak menunjukkan potensi halangan visual yang kuat karena masih berada pada kategori kedalaman relatif jauh. Area kiri tampak relatif lebih lapang.
indoor_014.webp,original_30,gemma_only,bantal lantai,Area lantai dan perabotan,False,kiri,tengah,False,dekat,,,yes,,kesalahan_model_objek+kesalahan_model_posisi,,11606,"Gambar menunjukkan interior ruangan dengan lantai keramik putih. Beberapa barang seperti tas, selimut, dan koper tergeletak di lantai di sekitar bangku kayu."
indoor_014.webp,original_30,depth_only,bantal lantai,,False,kiri,,True,dekat,dekat,True,yes,True,berhasil,,1614,"Berdasarkan estimasi kedalaman relatif, bagian tengah-kiri merupakan area yang paling dekat dibanding area lain, dengan kategori kedalaman relatif dekat. Area tengah-kiri berpotensi menjadi halangan visual karena posisinya terbaca lebih dekat dibanding area lain. Area kanan tampak relatif lebih lapang."
indoor_014.webp,original_30,gemma_depth,bantal lantai,Area lantai dan perabotan,False,kiri,tengah,True,dekat,dekat,True,yes,True,kesalahan_model_objek,,11637,"Gambar menunjukkan interior ruangan dengan lantai keramik putih. Beberapa barang seperti tas, selimut, dan koper tertata di lantai di sekitar bangku kayu. Berdasarkan estimasi kedalaman relatif, bagian tengah-kiri merupakan area yang paling dekat dibanding area lain, dengan kategori kedalaman relatif dekat. Area tengah-kiri berpotensi menjadi halangan visual karena posisinya terbaca lebih dekat dibanding area lain. Area kanan tampak relatif lebih lapang."
indoor_014.webp,original_30,gemma_depth_prompted,bantal lantai,Perabotan dan barang di lantai,False,kiri,tengah-kiri,True,dekat,dekat,True,yes,True,kesalahan_model_prompted_semantik_objek,,14722,Tampak sekelompok barang dan bangku kayu berada di area tengah-kiri ruangan. Area depan menunjukkan potensi halangan visual yang perlu diperhatikan saat melihat lebih jauh. Area tengah-kiri berpotensi menjadi halangan visual karena posisinya terbaca lebih dekat dibanding area lain. Area kanan tampak relatif lebih lapang.
indoor_015.webp,original_30,gemma_only,koper,Koper dan sepatu,True,kiri,depan,False,sedang,,,no,,kesalahan_model_posisi,,9846,Gambar menunjukkan beberapa koper dan sepasang sepatu yang diletakkan di lantai dekat dinding. Terdapat juga tirai hijau yang tergantung di dinding sebelah kanan.
indoor_015.webp,original_30,depth_only,koper,,False,kiri,,True,sedang,sedang,True,no,True,berhasil,,1697,"Berdasarkan estimasi kedalaman relatif, bagian tengah-kiri merupakan area yang paling dekat dibanding area lain, dengan kategori kedalaman relatif sedang. Area tengah-kiri berpotensi menjadi halangan visual karena posisinya terbaca lebih dekat dibanding area lain. Area kanan tampak relatif lebih lapang."
indoor_015.webp,original_30,gemma_depth,koper,Koper dan sepatu,True,kiri,depan,True,sedang,sedang,True,no,True,berhasil,,12040,"Gambar menunjukkan interior ruangan dengan lantai keramik putih dan dinding berwarna krem. Beberapa koper dan sepasang sepatu diletakkan di lantai dekat dinding, sementara tirai hijau tergantung di sisi kanan. Berdasarkan estimasi kedalaman relatif, bagian tengah-kiri merupakan area yang paling dekat dibanding area lain, dengan kategori kedalaman relatif sedang. Area tengah-kiri berpotensi menjadi halangan visual karena posisinya terbaca lebih dekat dibanding area lain. Area kanan tampak relatif lebih lapang."
indoor_015.webp,original_30,gemma_depth_prompted,koper,koper dan sepatu,True,kiri,tengah|bawah,True,sedang,sedang,True,no,True,berhasil,,13336,"Koper hitam dan beberapa pasang sepatu tertata di lantai, dengan area depan yang relatif lapang di sebelah kanan. Area tengah-kiri tampak sebagai region terdekat dengan jarak sedang. Area tengah-kiri berpotensi menjadi halangan visual karena posisinya terbaca lebih dekat dibanding area lain. Area kanan tampak relatif lebih lapang."
indoor_016.webp,original_30,gemma_only,lemari plastik,rak kayu,False,kanan,tengah,False,dekat,,,yes,,kesalahan_model_objek+kesalahan_model_posisi,,10733,Gambar menunjukkan sebuah rak kayu besar berwarna biru yang dipenuhi bingkai foto. Rak ini berdiri di dinding ruangan dengan sepotong seprai terlihat di bagian bawah kiri.
indoor_016.webp,original_30,depth_only,lemari plastik,,False,kanan,,True,dekat,dekat,True,yes,True,berhasil,,1644,"Berdasarkan estimasi kedalaman relatif, bagian tengah-kanan merupakan area yang paling dekat dibanding area lain, dengan kategori kedalaman relatif dekat. Area tengah-kanan berpotensi menjadi halangan visual karena posisinya terbaca lebih dekat dibanding area lain. Area kiri tampak relatif lebih lapang."
indoor_016.webp,original_30,gemma_depth,lemari plastik,lemari pajangan dan tempat tidur,False,kanan,tengah|kanan,True,dekat,dekat,True,yes,True,kesalahan_model_objek,,12091,"Gambar menunjukkan sebuah lemari pajangan kayu besar yang dipenuhi bingkai foto bergambar karakter. Di bagian bawah terdapat kasur atau tempat tidur dengan pola hitam putih. Berdasarkan estimasi kedalaman relatif, bagian tengah-kanan merupakan area yang paling dekat dibanding area lain, dengan kategori kedalaman relatif dekat. Area tengah-kanan berpotensi menjadi halangan visual karena posisinya terbaca lebih dekat dibanding area lain. Area kiri tampak relatif lebih lapang."
indoor_016.webp,original_30,gemma_depth_prompted,lemari plastik,rak dinding kayu,False,kanan,tengah,True,dekat,dekat,True,yes,True,kesalahan_model_prompted_semantik_objek,,14292,"Rak dinding kayu yang berisi bingkai gambar terlihat di tengah, dengan area depan yang berpotensi menjadi halangan visual. Di bagian bawah terdapat tempat tidur dengan pola hitam putih. Area tengah-kanan berpotensi menjadi halangan visual karena posisinya terbaca lebih dekat dibanding area lain. Area kiri tampak relatif lebih lapang."
indoor_017.webp,original_30,gemma_only,meja kerja,Setup meja kerja,True,kanan,tengah,False,dekat,,,yes,,kesalahan_model_posisi,,9048,Gambar menunjukkan setup meja kerja indoor dengan beberapa monitor komputer dan mikrofon yang diletakkan di atas permukaan meja. Terdapat kabel-kabel yang terhampar di sekitar peralatan tersebut.
indoor_017.webp,original_30,depth_only,meja kerja,,False,kanan,,True,dekat,dekat,True,yes,True,berhasil,,1697,"Berdasarkan estimasi kedalaman relatif, bagian tengah-kanan merupakan area yang paling dekat dibanding area lain, dengan kategori kedalaman relatif dekat. Area tengah-kanan berpotensi menjadi halangan visual karena posisinya terbaca lebih dekat dibanding area lain. Area kiri tampak relatif lebih lapang."
indoor_017.webp,original_30,gemma_depth,meja kerja,Setup meja kerja,True,kanan,tengah,True,dekat,dekat,True,yes,True,berhasil,,12189,"Gambar menunjukkan setup meja kerja indoor dengan beberapa monitor dan mikrofon. Objek-objek tersebut tersusun di atas permukaan meja berwarna gelap. Berdasarkan estimasi kedalaman relatif, bagian tengah-kanan merupakan area yang paling dekat dibanding area lain, dengan kategori kedalaman relatif dekat. Area tengah-kanan berpotensi menjadi halangan visual karena posisinya terbaca lebih dekat dibanding area lain. Area kiri tampak relatif lebih lapang."
indoor_017.webp,original_30,gemma_depth_prompted,meja kerja,setup meja,False,kanan,tengah-kanan,True,dekat,dekat,True,yes,True,kesalahan_model_prompted_semantik_objek,,13110,"Setup meja dengan monitor dan peralatan audio terlihat di area tengah-kanan yang berdekatan. Area kiri tampak relatif terbuka, namun ada potensi halangan visual di area depan. Area tengah-kanan berpotensi menjadi halangan visual karena posisinya terbaca lebih dekat dibanding area lain. Area kiri tampak relatif lebih lapang."
indoor_018.webp,original_30,gemma_only,kantong belanja,area dapur|countertop,False,kanan,depan,True,dekat,,,yes,,kesalahan_model_objek,,12315,Gambar menunjukkan sudut ruangan indoor dengan wastafel dan countertop di sisi kiri. Di area kanan terdapat pintu/bingkai dan beberapa barang yang diletakkan di lantai.
indoor_018.webp,original_30,depth_only,kantong belanja,,False,kanan,,False,dekat,dekat,True,yes,True,keterbatasan_depth_only_posisi_grid,,1606,"Berdasarkan estimasi kedalaman relatif, bagian bawah-kiri merupakan area yang paling dekat dibanding area lain, dengan kategori kedalaman relatif dekat. Area bawah-kiri berpotensi menjadi halangan visual karena posisinya terbaca lebih dekat dibanding area lain. Area tengah tampak relatif lebih lapang."
indoor_018.webp,original_30,gemma_depth,kantong belanja,area dapur,False,kanan,depan,True,dekat,dekat,True,yes,True,kesalahan_model_objek,,13113,"Gambar menunjukkan sudut ruangan indoor dengan area wastafel di sebelah kiri dan pintu di sebelah kanan. Terdapat beberapa kotak kardus, karpet merah, dan tempat sampah di lantai. Berdasarkan estimasi kedalaman relatif, bagian bawah-kiri merupakan area yang paling dekat dibanding area lain, dengan kategori kedalaman relatif dekat. Area bawah-kiri berpotensi menjadi halangan visual karena posisinya terbaca lebih dekat dibanding area lain. Area tengah tampak relatif lebih lapang."
indoor_018.webp,original_30,gemma_depth_prompted,kantong belanja,area dapur dan lantai,False,kanan,tengah,False,dekat,dekat,True,yes,True,kesalahan_model_objek+kesalahan_model_posisi,,14188,"Tampak area interior ruangan dengan wastafel di bagian kiri, sementara area tengah tampak relatif terbuka. Area terdekat (bawah-kiri) perlu diperhatikan karena statusnya menunjukkan potensi halangan visual. Area bawah-kiri berpotensi menjadi halangan visual karena posisinya terbaca lebih dekat dibanding area lain. Area tengah tampak relatif lebih lapang."
indoor_019.webp,original_30,gemma_only,kulkas,Susunan barang di sudut ruangan,False,kanan,tengah,False,sedang,,,no,,kesalahan_model_objek+kesalahan_model_posisi,,11394,"Gambar menunjukkan sudut ruangan dengan lantai berubin dan dinding. Beberapa benda seperti botol air, wadah, dan tas diletakkan di sepanjang dinding dan lantai."
indoor_019.webp,original_30,depth_only,kulkas,,False,kanan,,True,sedang,dekat,False,no,False,kesalahan_depth,,1545,"Berdasarkan estimasi kedalaman relatif, bagian tengah-kanan merupakan area yang paling dekat dibanding area lain, dengan kategori kedalaman relatif dekat. Area tengah-kanan berpotensi menjadi halangan visual karena posisinya terbaca lebih dekat dibanding area lain. Area kiri tampak relatif lebih lapang."
indoor_019.webp,original_30,gemma_depth,kulkas,rak penyimpanan dan lantai,False,kanan,tengah,True,sedang,dekat,False,no,False,kesalahan_model_objek+kesalahan_depth,,10931,"Gambar menunjukkan sudut ruangan indoor dengan lantai keramik putih dan sebuah rak penyimpanan di sisi kanan. Beberapa botol air minum, wadah, dan kotak kardus terlihat diletakkan di lantai dan rak tersebut. Berdasarkan estimasi kedalaman relatif, bagian tengah-kanan merupakan area yang paling dekat dibanding area lain, dengan kategori kedalaman relatif dekat. Area tengah-kanan berpotensi menjadi halangan visual karena posisinya terbaca lebih dekat dibanding area lain. Area kiri tampak relatif lebih lapang."
indoor_019.webp,original_30,gemma_depth_prompted,kulkas,furniture,False,kanan,tengah-kanan,True,sedang,dekat,False,no,False,kesalahan_model_objek+kesalahan_depth,,13554,Tampak sebuah perabotan dan beberapa barang diletakkan di area tengah-kanan ruangan. Area depan menunjukkan potensi halangan visual yang perlu diperhatikan. Area tengah-kanan berpotensi menjadi halangan visual karena posisinya terbaca lebih dekat dibanding area lain. Area kiri tampak relatif lebih lapang.
indoor_020.webp,original_30,gemma_only,kompor,area dapur,True,tengah,tengah,True,dekat,,,yes,,berhasil,"stove/kitchen counter close-up, not pure walking path",11035,Gambar menunjukkan area dapur indoor dengan kompor dan berbagai wadah penyimpanan di bawahnya. Terdapat botol air besar dan beberapa peralatan masak yang tersusun rapi.
indoor_020.webp,original_30,depth_only,kompor,,False,tengah,,False,dekat,dekat,True,yes,True,scene_atau_anotasi_ambigu,"stove/kitchen counter close-up, not pure walking path",1663,"Berdasarkan estimasi kedalaman relatif, bagian bawah-kiri merupakan area yang paling dekat dibanding area lain, dengan kategori kedalaman relatif dekat. Area bawah-kiri berpotensi menjadi halangan visual karena posisinya terbaca lebih dekat dibanding area lain. Area kanan tampak relatif lebih lapang."
indoor_020.webp,original_30,gemma_depth,kompor,area dapur,True,tengah,tengah,True,dekat,dekat,True,yes,True,berhasil,"stove/kitchen counter close-up, not pure walking path",12925,"Gambar menunjukkan area dapur dengan kompor di atas meja dan berbagai wadah serta botol penyimpanan di bawahnya. Terdapat beberapa peralatan masak dan barang-barang rumah tangga yang tersusun rapi. Berdasarkan estimasi kedalaman relatif, bagian bawah-kiri merupakan area yang paling dekat dibanding area lain, dengan kategori kedalaman relatif dekat. Area bawah-kiri berpotensi menjadi halangan visual karena posisinya terbaca lebih dekat dibanding area lain. Area kanan tampak relatif lebih lapang."
indoor_020.webp,original_30,gemma_depth_prompted,kompor,area dapur,False,tengah,tengah,True,dekat,dekat,True,yes,True,scene_atau_anotasi_ambigu,"stove/kitchen counter close-up, not pure walking path",17025,"Tampak area dapur indoor dengan peralatan masak dan wadah yang tersusun di atas meja. Area terdekat berada di bawah-kiri, dan terdapat potensi halangan visual di area depan. Area bawah-kiri berpotensi menjadi halangan visual karena posisinya terbaca lebih dekat dibanding area lain. Area kanan tampak relatif lebih lapang."
indoor_021.webp,original_30,gemma_only,wastafel,area kamar mandi,True,kiri,tengah,False,dekat,,,yes,,scene_atau_anotasi_ambigu,sink and door frame both visible; left/front interpretation borderline,10725,Gambar menunjukkan area kamar mandi atau wastafel dengan ubin berpola. Terdapat meja wastafel dan pintu yang mengarah ke area lain.
indoor_021.webp,original_30,depth_only,wastafel,,False,kiri,,True,dekat,sangat_dekat,False,yes,True,scene_atau_anotasi_ambigu,sink and door frame both visible; left/front interpretation borderline,1570,"Berdasarkan estimasi kedalaman relatif, bagian bawah-kiri merupakan area yang paling dekat dibanding area lain, dengan kategori kedalaman relatif sangat dekat. Area bawah-kiri berpotensi menjadi halangan visual karena posisinya terbaca lebih dekat dibanding area lain. Area kanan tampak relatif lebih lapang."
indoor_021.webp,original_30,gemma_depth,wastafel,Area kamar mandi dan wastafel,True,kiri,tengah,True,dekat,sangat_dekat,False,yes,True,scene_atau_anotasi_ambigu,sink and door frame both visible; left/front interpretation borderline,12417,"Gambar menunjukkan interior ruangan dengan area wastafel di bagian depan. Terdapat dinding berubin pola kotak-kotak dan pintu terbuka mengarah ke area lain. Berdasarkan estimasi kedalaman relatif, bagian bawah-kiri merupakan area yang paling dekat dibanding area lain, dengan kategori kedalaman relatif sangat dekat. Area bawah-kiri berpotensi menjadi halangan visual karena posisinya terbaca lebih dekat dibanding area lain. Area kanan tampak relatif lebih lapang."
indoor_021.webp,original_30,gemma_depth_prompted,wastafel,wastafel dan area kamar mandi,True,kiri,tengah,True,dekat,sangat_dekat,False,yes,True,scene_atau_anotasi_ambigu,sink and door frame both visible; left/front interpretation borderline,14351,"Area ini menampilkan wastafel dan meja di dalam ruangan, dengan pintu terbuka mengarah ke area lain. Perlu diperhatikan bahwa area terdekat di bagian bawah-kiri berpotensi menjadi halangan visual. Area bawah-kiri berpotensi menjadi halangan visual karena posisinya terbaca lebih dekat dibanding area lain. Area kanan tampak relatif lebih lapang."
indoor_022.webp,original_30,gemma_only,pintu,koridor interior,True,kiri,tengah,False,dekat,,,yes,,scene_atau_anotasi_ambigu,open door as obstacle while corridor still visible,11152,Gambar menunjukkan bagian dalam koridor atau ruangan dengan lantai keramik putih dan dinding berwarna terang. Terdapat beberapa pintu kayu yang membentang di sepanjang lorong tersebut.
indoor_022.webp,original_30,depth_only,pintu,,False,kiri,,True,dekat,dekat,True,yes,True,scene_atau_anotasi_ambigu,open door as obstacle while corridor still visible,1550,"Berdasarkan estimasi kedalaman relatif, bagian tengah-kiri merupakan area yang paling dekat dibanding area lain, dengan kategori kedalaman relatif dekat. Area tengah-kiri berpotensi menjadi halangan visual karena posisinya terbaca lebih dekat dibanding area lain. Area tengah tampak relatif lebih lapang."
indoor_022.webp,original_30,gemma_depth,pintu,Lorong interior,True,kiri,tengah,True,dekat,dekat,True,yes,True,berhasil,open door as obstacle while corridor still visible,13332,"Gambar menunjukkan lorong atau ruangan interior dengan lantai keramik putih dan dinding berwarna terang. Terdapat beberapa pintu kayu di sepanjang koridor tersebut. Berdasarkan estimasi kedalaman relatif, bagian tengah-kiri merupakan area yang paling dekat dibanding area lain, dengan kategori kedalaman relatif dekat. Area tengah-kiri berpotensi menjadi halangan visual karena posisinya terbaca lebih dekat dibanding area lain. Area tengah tampak relatif lebih lapang."
indoor_022.webp,original_30,gemma_depth_prompted,pintu,Lorong interior,True,kiri,tengah,True,dekat,dekat,True,yes,True,berhasil,open door as obstacle while corridor still visible,13640,Tampak sebuah lorong interior dengan lantai keramik putih dan pintu kayu di kedua sisi. Area terdekat menunjukkan potensi halangan visual yang perlu diperhatikan. Area tengah-kiri berpotensi menjadi halangan visual karena posisinya terbaca lebih dekat dibanding area lain. Area tengah tampak relatif lebih lapang.
indoor_023.webp,original_30,gemma_only,pintu,pintu kayu,True,tengah,kanan,False,jauh,,,no,,kesalahan_model_posisi,,10148,Gambar menunjukkan sudut ruangan indoor dengan pintu kayu besar di sisi kanan dan bingkai cermin kayu di sisi kiri. Terdapat beberapa barang yang tergantung di dinding dekat bingkai cermin.
indoor_023.webp,original_30,depth_only,pintu,,False,tengah,,False,jauh,jauh,True,no,True,keterbatasan_depth_only_posisi_grid,,1603,"Berdasarkan estimasi kedalaman relatif, bagian bawah-kiri merupakan area yang paling dekat dibanding area lain, dengan kategori kedalaman relatif jauh. Area bawah-kiri tidak menunjukkan potensi halangan visual yang kuat karena masih berada pada kategori kedalaman relatif jauh. Area kanan tampak relatif lebih lapang."
indoor_023.webp,original_30,gemma_depth,pintu,pintu kayu,True,tengah,kanan,False,jauh,jauh,True,no,True,kesalahan_model_posisi,,10701,"Gambar menunjukkan sudut ruangan dalam ruangan dengan pintu kayu besar di sisi kanan dan bingkai cermin di sisi kiri bawah. Beberapa barang tergantung di dinding dekat lantai. Berdasarkan estimasi kedalaman relatif, bagian bawah-kiri merupakan area yang paling dekat dibanding area lain, dengan kategori kedalaman relatif jauh. Area bawah-kiri tidak menunjukkan potensi halangan visual yang kuat karena masih berada pada kategori kedalaman relatif jauh. Area kanan tampak relatif lebih lapang."
indoor_023.webp,original_30,gemma_depth_prompted,pintu,pintu kayu,True,tengah,tengah,True,jauh,jauh,True,no,True,berhasil,,13265,Tampak sebuah pintu kayu besar di dalam ruangan dengan lantai keramik putih. Di dekatnya terlihat bingkai cermin dan beberapa barang tergantung di dinding. Area bawah-kiri tidak menunjukkan potensi halangan visual yang kuat karena masih berada pada kategori kedalaman relatif jauh. Area kanan tampak relatif lebih lapang.
indoor_024.webp,original_30,gemma_only,pintu,Pintu kayu dan lantai,True,kiri,kiri|kanan,True,dekat,,,yes,,berhasil,open door and floor objects; path/right openness depends on interpretation,11080,Gambar menunjukkan interior ruangan dengan pintu kayu besar di sisi kiri yang membuka ke area lain. Di sisi kanan terdapat dinding putih dengan stopkontak dan beberapa barang diletakkan di lantai.
indoor_024.webp,original_30,depth_only,pintu,,False,kiri,,True,dekat,dekat,True,yes,True,scene_atau_anotasi_ambigu,open door and floor objects; path/right openness depends on interpretation,1961,"Berdasarkan estimasi kedalaman relatif, bagian bawah-kanan merupakan area yang paling dekat dibanding area lain, dengan kategori kedalaman relatif dekat. Area bawah-kanan berpotensi menjadi halangan visual karena posisinya terbaca lebih dekat dibanding area lain. Area kiri tampak relatif lebih lapang."
indoor_024.webp,original_30,gemma_depth,pintu,Pintu kayu dan area ruangan,True,kiri,tengah,True,dekat,dekat,True,yes,True,berhasil,open door and floor objects; path/right openness depends on interpretation,12503,"Gambar menunjukkan interior ruangan dengan pintu kayu besar di sisi kiri dan dinding putih di sisi kanan. Di lantai terdapat keramik putih, dan di sisi kanan terdapat beberapa peralatan listrik serta kotak berwarna merah. Berdasarkan estimasi kedalaman relatif, bagian bawah-kanan merupakan area yang paling dekat dibanding area lain, dengan kategori kedalaman relatif dekat. Area bawah-kanan berpotensi menjadi halangan visual karena posisinya terbaca lebih dekat dibanding area lain. Area kiri tampak relatif lebih lapang."
indoor_024.webp,original_30,gemma_depth_prompted,pintu,Interior ruangan,True,kiri,tengah,True,dekat,dekat,True,yes,True,berhasil,open door and floor objects; path/right openness depends on interpretation,16554,Tampak sebuah ruangan interior dengan lantai keramik putih dan pintu kayu di sisi kiri. Area depan pintu menunjukkan potensi halangan visual yang perlu diperhatikan secara relatif. Area bawah-kanan berpotensi menjadi halangan visual karena posisinya terbaca lebih dekat dibanding area lain. Area kiri tampak relatif lebih lapang.
indoor_025.webp,original_30,gemma_only,kursi,Workstation,True,kanan,tengah,False,dekat,,,yes,,kesalahan_model_posisi,,9817,"Gambar menunjukkan pengaturan meja kerja indoor dengan monitor, laptop, dan kursi kantor. Objek-objek tersebut tersusun di atas permukaan meja hitam."
indoor_025.webp,original_30,depth_only,kursi,,False,kanan,,True,dekat,dekat,True,yes,True,berhasil,,1667,"Berdasarkan estimasi kedalaman relatif, bagian bawah-kiri merupakan area yang paling dekat dibanding area lain, dengan kategori kedalaman relatif dekat. Area bawah-kiri berpotensi menjadi halangan visual karena posisinya terbaca lebih dekat dibanding area lain. Area kanan tampak relatif lebih lapang."
indoor_025.webp,original_30,gemma_depth,kursi,Setup meja kerja,True,kanan,tengah,True,dekat,dekat,True,yes,True,berhasil,,10883,"Gambar menunjukkan setup meja kerja indoor dengan laptop, keyboard, dan mouse di atas permukaan gelap. Sebuah kursi kantor dan objek putih melengkung terlihat di sisi kanan bawah. Berdasarkan estimasi kedalaman relatif, bagian bawah-kiri merupakan area yang paling dekat dibanding area lain, dengan kategori kedalaman relatif dekat. Area bawah-kiri berpotensi menjadi halangan visual karena posisinya terbaca lebih dekat dibanding area lain. Area kanan tampak relatif lebih lapang."
indoor_025.webp,original_30,gemma_depth_prompted,kursi,setup meja kerja,False,kanan,tengah,True,dekat,dekat,True,yes,True,kesalahan_model_prompted_semantik_objek,,13948,"Tampak sebuah setup meja kerja di dalam ruangan, dengan area terdekat berada di bawah-kiri. Area depan menunjukkan potensi halangan visual yang perlu diperhatikan. Area bawah-kiri berpotensi menjadi halangan visual karena posisinya terbaca lebih dekat dibanding area lain. Area kanan tampak relatif lebih lapang."
indoor_026.webp,original_30,gemma_only,rak sepatu,Koper dan sepatu,False,kanan,kanan|bawah,True,sedang,,,no,,kesalahan_model_objek,,10784,Gambar menunjukkan tumpukan koper dan berbagai pasang sepatu yang diletakkan di lantai dekat dinding. Objek-objek tersebut berada di sisi kanan bawah bingkai gambar.
indoor_026.webp,original_30,depth_only,rak sepatu,,False,kanan,,True,sedang,dekat,False,no,False,kesalahan_depth,,2065,"Berdasarkan estimasi kedalaman relatif, bagian bawah-kanan merupakan area yang paling dekat dibanding area lain, dengan kategori kedalaman relatif dekat. Area bawah-kanan berpotensi menjadi halangan visual karena posisinya terbaca lebih dekat dibanding area lain. Area tengah tampak relatif lebih lapang."
indoor_026.webp,original_30,gemma_depth,rak sepatu,koper,False,kanan,bawah,True,sedang,dekat,False,no,False,kesalahan_model_objek+kesalahan_depth,,11739,"Gambar menunjukkan lantai berubin putih dan dinding berwarna terang di dalam ruangan. Sebuah koper besar berwarna gelap diletakkan di lantai, dengan beberapa pasang sepatu ditumpuk di sebelahnya. Berdasarkan estimasi kedalaman relatif, bagian bawah-kanan merupakan area yang paling dekat dibanding area lain, dengan kategori kedalaman relatif dekat. Area bawah-kanan berpotensi menjadi halangan visual karena posisinya terbaca lebih dekat dibanding area lain. Area tengah tampak relatif lebih lapang."
indoor_026.webp,original_30,gemma_depth_prompted,rak sepatu,koper dan sepatu,False,kanan,tengah|kanan,True,sedang,dekat,False,no,False,kesalahan_model_objek+kesalahan_depth,,14303,Tampak sebuah koper besar dan beberapa pasang sepatu tersusun di lantai ruangan dalam ruangan ini. Area terdekat di bawah-kanan menunjukkan potensi halangan visual yang perlu diperhatikan. Area bawah-kanan berpotensi menjadi halangan visual karena posisinya terbaca lebih dekat dibanding area lain. Area tengah tampak relatif lebih lapang.
indoor_027.webp,original_30,gemma_only,kipas angin,kipas angin dan bangku kayu,True,kanan,tengah,False,sedang,,,no,,kesalahan_model_posisi,,8691,Gambar menunjukkan lingkungan indoor dengan sebuah kipas angin berdiri di dinding dan bangku kayu di latar depan. Beberapa tas atau barang lain terlihat diletakkan di atas bangku kayu.
indoor_027.webp,original_30,depth_only,kipas angin,,False,kanan,,True,sedang,sedang,True,no,True,berhasil,,1580,"Berdasarkan estimasi kedalaman relatif, bagian tengah-kiri merupakan area yang paling dekat dibanding area lain, dengan kategori kedalaman relatif sedang. Area tengah-kiri berpotensi menjadi halangan visual karena posisinya terbaca lebih dekat dibanding area lain. Area kanan tampak relatif lebih lapang."
indoor_027.webp,original_30,gemma_depth,kipas angin,Perabotan dan Kipas Angin,True,kanan,tengah,True,sedang,sedang,True,no,True,berhasil,,11000,"Gambar menunjukkan interior ruangan dengan lantai keramik putih dan dinding berwarna terang. Terdapat kipas angin berdiri di sisi kanan bawah, serta bangku kayu berisi beberapa tas dan kotak. Berdasarkan estimasi kedalaman relatif, bagian tengah-kiri merupakan area yang paling dekat dibanding area lain, dengan kategori kedalaman relatif sedang. Area tengah-kiri berpotensi menjadi halangan visual karena posisinya terbaca lebih dekat dibanding area lain. Area kanan tampak relatif lebih lapang."
indoor_027.webp,original_30,gemma_depth_prompted,kipas angin,kipas angin dan bangku,True,kanan,kanan,True,sedang,sedang,True,no,True,berhasil,,15011,"Tampak sebuah kipas angin berdiri di atas bangku kayu di lantai berubin putih. Area depan terlihat relatif lapang, dengan area tengah-kiri sebagai region terdekat. Area tengah-kiri berpotensi menjadi halangan visual karena posisinya terbaca lebih dekat dibanding area lain. Area kanan tampak relatif lebih lapang."
indoor_028.webp,original_30,gemma_only,meja komputer,Setup meja kerja komputer,False,tengah,tengah,True,dekat,,,yes,,kesalahan_model_objek,,8175,"Gambar menunjukkan setup meja kerja indoor dengan monitor, tablet, keyboard, mouse, dan mikrofon yang tertata di atas permukaan meja. Objek-objek tersebut tersusun secara horizontal."
indoor_028.webp,original_30,depth_only,meja komputer,,False,tengah,,False,dekat,dekat,True,yes,True,keterbatasan_depth_only_posisi_grid,,1642,"Berdasarkan estimasi kedalaman relatif, bagian bawah-kanan merupakan area yang paling dekat dibanding area lain, dengan kategori kedalaman relatif dekat. Area bawah-kanan berpotensi menjadi halangan visual karena posisinya terbaca lebih dekat dibanding area lain. Area kiri tampak relatif lebih lapang."
indoor_028.webp,original_30,gemma_depth,meja komputer,Setup meja kerja,False,tengah,tengah,True,dekat,dekat,True,yes,True,kesalahan_model_objek,,12638,"Gambar menunjukkan setup meja kerja indoor dengan beberapa monitor, keyboard, dan tablet gambar. Perangkat-perangkat tersebut diletakkan di atas permukaan meja. Berdasarkan estimasi kedalaman relatif, bagian bawah-kanan merupakan area yang paling dekat dibanding area lain, dengan kategori kedalaman relatif dekat. Area bawah-kanan berpotensi menjadi halangan visual karena posisinya terbaca lebih dekat dibanding area lain. Area kiri tampak relatif lebih lapang."
indoor_028.webp,original_30,gemma_depth_prompted,meja komputer,setup meja kerja,False,tengah,tengah,True,dekat,dekat,True,yes,True,kesalahan_model_prompted_semantik_objek,,13315,"Tampak sebuah setup meja kerja indoor yang terdiri dari monitor besar, tablet, keyboard, dan mikrofon. Area depan menunjukkan potensi halangan visual yang perlu diperhatikan saat melihat objek terdekat. Area bawah-kanan berpotensi menjadi halangan visual karena posisinya terbaca lebih dekat dibanding area lain. Area kiri tampak relatif lebih lapang."
indoor_029.webp,original_30,gemma_only,kursi,kursi,True,tengah,tengah,True,sangat_dekat,,,yes,,berhasil,,10498,"Gambar ini menampilkan sebuah kursi kantor dengan latar belakang kamar tidur indoor. Di sekeliling kursi terdapat tempat tidur, lemari kayu berwarna biru, dan karpet bermotif."
indoor_029.webp,original_30,depth_only,kursi,,False,tengah,,True,sangat_dekat,dekat,False,yes,True,kesalahan_depth,,1516,"Berdasarkan estimasi kedalaman relatif, bagian bawah-tengah merupakan area yang paling dekat dibanding area lain, dengan kategori kedalaman relatif dekat. Area bawah-tengah berpotensi menjadi halangan visual karena posisinya terbaca lebih dekat dibanding area lain. Area kanan tampak relatif lebih lapang."
indoor_029.webp,original_30,gemma_depth,kursi,Kursi,True,tengah,tengah,True,sangat_dekat,dekat,False,yes,True,kesalahan_depth,,13189,"Gambar ini menampilkan sebuah kursi di dalam ruangan dengan latar belakang tempat tidur dan perabotan kayu. Perabotan tersebut tersusun di atas lantai. Berdasarkan estimasi kedalaman relatif, bagian bawah-tengah merupakan area yang paling dekat dibanding area lain, dengan kategori kedalaman relatif dekat. Area bawah-tengah berpotensi menjadi halangan visual karena posisinya terbaca lebih dekat dibanding area lain. Area kanan tampak relatif lebih lapang."
indoor_029.webp,original_30,gemma_depth_prompted,kursi,kursi,True,tengah,tengah,True,sangat_dekat,dekat,False,yes,True,kesalahan_depth,,14841,"Sebuah kursi kantor terlihat di tengah ruangan, dengan area terdekat berada di bawah-tengah. Area depan menunjukkan potensi halangan visual yang perlu diperhatikan secara relatif. Area bawah-tengah berpotensi menjadi halangan visual karena posisinya terbaca lebih dekat dibanding area lain. Area kanan tampak relatif lebih lapang."
indoor_030.webp,original_30,gemma_only,pintu,Pintu kayu,True,kiri,tengah,False,dekat,,,yes,,scene_atau_anotasi_ambigu,open door dominates left foreground but corridor remains visible,11030,Gambar menunjukkan area interior berupa lorong dengan dinding berwarna terang dan lantai keramik. Objek utama adalah sebuah pintu kayu berpanel cokelat tua yang mendominasi bagian tengah frame.
indoor_030.webp,original_30,depth_only,pintu,,False,kiri,,False,dekat,dekat,True,yes,True,scene_atau_anotasi_ambigu,open door dominates left foreground but corridor remains visible,1697,"Berdasarkan estimasi kedalaman relatif, bagian tengah-kanan merupakan area yang paling dekat dibanding area lain, dengan kategori kedalaman relatif dekat. Area tengah-kanan berpotensi menjadi halangan visual karena posisinya terbaca lebih dekat dibanding area lain. Area tengah tampak relatif lebih lapang."
indoor_030.webp,original_30,gemma_depth,pintu,pintu kayu,True,kiri,tengah,False,dekat,dekat,True,yes,True,scene_atau_anotasi_ambigu,open door dominates left foreground but corridor remains visible,10930,"Gambar menunjukkan pintu kayu cokelat besar di dalam ruangan yang mengarah ke lorong atau ruangan lain. Terdapat lantai keramik putih dan dinding berwarna krem di sekelilingnya. Berdasarkan estimasi kedalaman relatif, bagian tengah-kanan merupakan area yang paling dekat dibanding area lain, dengan kategori kedalaman relatif dekat. Area tengah-kanan berpotensi menjadi halangan visual karena posisinya terbaca lebih dekat dibanding area lain. Area tengah tampak relatif lebih lapang."
indoor_030.webp,original_30,gemma_depth_prompted,pintu,pintu,True,kiri,tengah,False,dekat,dekat,True,yes,True,scene_atau_anotasi_ambigu,open door dominates left foreground but corridor remains visible,14103,"Tampak sebuah pintu kayu berwarna cokelat yang terletak di tengah ruangan, mengarah ke lorong. Area depan menunjukkan potensi halangan visual yang perlu diperhatikan. Area tengah-kanan berpotensi menjadi halangan visual karena posisinya terbaca lebih dekat dibanding area lain. Area tengah tampak relatif lebih lapang."
