image_name,mode,judge_model,rubric_version,repeat_count,semantic_correctness_mean,spatial_accuracy_mean,groundedness_mean,clarity_mean,overall_mean,overall_stddev,visual_evidence_union,critical_error_union
1 (1030).jpg,gemma_depth_legacy_controlled,cx/gpt-5.5,spatial-description-judge-v2-image-aware,3,4.333333333333333,4.666666666666667,4.666666666666667,4.333333333333333,4.666666666666667,0.4714045207910317,"Area kiri depan relatif kosong/lapang. | Area kiri/depan lebih kosong dibanding sisi kanan berisi mesin. | Bagian kanan-bawah berisi mesin cuci lebih dekat ke kamera. | Bagian kanan-bawah dekat kamera berisi sisi mesin terpotong. | Deretan mesin cuci berada sepanjang dinding kanan/belakang. | Deretan mesin cuci di sisi kanan/menyusuri dinding. | Deretan mesin cuci terlihat sepanjang sisi kanan/dinding belakang. | Lantai ubin biru terlihat jelas. | Lantai ubin biru terlihat. | Objek kanan bawah tampak paling dekat, bukan halangan jalur dekat.",
1 (34).jpg,gemma_depth_legacy_controlled,cx/gpt-5.5,spatial-description-judge-v2-image-aware,3,4.0,4.0,4.333333333333333,4.666666666666667,4.0,0.0,"Area tengah bawah lantai tampak terbuka/relatif lapang. | Kursi kayu di kiri-kanan foreground. | Kursi kayu terlihat kiri-bawah dan kanan-bawah. | Lampu di atas meja, vas bunga kanan meja. | Lampu meja di atas konsol, vas bunga kanan atas meja. | Lampu meja di atas konsol, vas bunga kanan. | Lantai kayu terlihat; area tengah bawah relatif kosong. | Lantai kayu; area tengah bawah relatif kosong/lapang. | Meja konsol berada di tengah depan jendela. | Meja konsol di tengah depan jendela. | Meja konsol memanjang di tengah depan jendela.",Klaim bawah-kanan paling dekat agak ambigu/kurang relevan; terdapat kursi kanan sebagai objek foreground.
1 (6082).jpg,gemma_depth_legacy_controlled,cx/gpt-5.5,spatial-description-judge-v2-image-aware,3,2.6666666666666665,2.3333333333333335,2.6666666666666665,4.0,2.6666666666666665,0.4714045207910317,Area lantai tengah kosong relatif lapang. | Area lantai tengah relatif kosong. | Area tengah lantai relatif kosong. | Bangku panjang di sisi kanan dan belakang. | Bangku panjang menempel dinding kanan+belakang. | Bangku panjang menempel dinding kanan-belakang. | Bawah-kanan berisi ujung bangku/struktur dekat kamera. | Jendela di dinding kanan/atas. | Kanan-bawah dekat kamera berisi ujung bangku/struktur hijau. | Tidak tampak halangan besar di tengah.,"Bawah-kanan dekat berisi bangku → potensi halangan, bukan area jauh. | Kategori kedalaman 'jauh' tidak cocok; label sedang, visual ruang kecil. | Kategori kedalaman 'jauh' tidak cocok; label sedang. | Kedalaman bawah-kanan: dekat visual, bukan jauh. | Menyebut koridor/lorong. | Menyebut koridor/lorong; citra ruang ganti/ruang bangku. | Menyebut pagar kayu di kedua sisi. | Menyebut pagar kayu, bukan bangku ruang ganti. | Objek utama salah: pagar kayu/koridor vs bangku ruang ganti. | Status halangan kanan-bawah diremehkan; ada bangku dekat."
1 (6083).jpg,gemma_depth_legacy_controlled,cx/gpt-5.5,spatial-description-judge-v2-image-aware,3,2.0,2.0,2.0,3.3333333333333335,2.0,0.0,Ada deretan gantungan hitam di atas bangku. | Area lantai tengah relatif kosong/lapang. | Area tengah lantai relatif kosong. | Bangku kuning panjang di kanan bawah. | Bangku panjang kuning di sepanjang dinding kanan/kiri. | Deretan gantungan hitam di papan kuning atas. | Gantungan hitam berjajar di dinding. | Lantai tengah relatif kosong/lapang. | Objek kanan lebih dominan/dekat; bukan peralatan olahraga palang paralel. | Rangka merah penopang bangku. | Terlihat bangku panjang kuning di sepanjang dinding kanan/kiri. | Tidak tampak palang paralel olahraga.,"'Terbentang horizontal di lantai' menyesatkan: objek menempel/berada sepanjang dinding, bangku bertumpu lantai. | Frasa 'terbentang horizontal di lantai' rancu: bangku menempel dinding, bukan palang lantai. | Kategori kedalaman 'jauh' bertentangan label 'sedang'. | Kategori kedalaman relatif jauh bertentangan dgn label sedang/visual. | Kedalaman 'jauh' bertentangan dg label sedang/visual. | Klaim 'palang paralel' tidak sesuai citra. | Klaim peralatan terbentang horizontal di lantai tidak tepat. | Misidentifikasi bangku ruang ganti sebagai palang paralel/peralatan olahraga. | Misidentifikasi objek utama."
1 (6169).jpg,gemma_depth_legacy_controlled,cx/gpt-5.5,spatial-description-judge-v2-image-aware,3,4.0,4.333333333333333,4.0,4.666666666666667,4.0,0.0,"Area kiri lantai relatif kosong. | Area kiri/tengah lantai relatif kosong. | Bangku kayu panjang di kanan-bawah/foreground. | Bangku panjang kayu di kanan bawah/foreground. | Bangku panjang kayu di kanan/bawah-kanan. | Dinding putih, ruang memanjang, lampu plafon. | Koridor sempit berdinding putih. | Koridor sempit dinding terang. | Lantai tampak beige/ubin; kayu tidak pasti. | Objek kecil bangku/stool di tengah-belakang. | Objek terdekat: bangku kanan bawah.",Material lantai 'kayu' meragukan. | Material lantai disebut kayu; citra tidak jelas mendukung. | Material lantai kemungkinan keliru: bukan jelas kayu. | Region tengah tidak sepenuhnya kosong karena ada bangku kecil. | Tidak eksplisit arah aman kiri.
1 (6845).jpg,gemma_depth_legacy_controlled,cx/gpt-5.5,spatial-description-judge-v2-image-aware,3,4.0,4.0,4.333333333333333,5.0,4.0,0.0,"Area depan relatif terbuka; tidak ada objek besar menghalangi jalur tengah. | Area depan/tengah relatif lapang; tanpa halangan jelas. | Area lantai depan relatif terbuka. | Karpet oranye di foreground tengah. | Karpet oranye di lantai depan-tengah. | Panel kayu/partisi di kiri. | Panel kayu/planter di kiri. | Panel/railing kayu di kiri. | Pintu kaca besar di kanan. | Pintu/jendela kaca besar di kanan, luar terlihat. | Pintu/jendela kaca besar di kanan. | Tangga berada di tengah-belakang. | Tangga naik di tengah-belakang. | Tangga terlihat tengah-belakang.","Posisi tangga kurang tepat: bukan sisi kiri, melainkan tengah-belakang. | Posisi tangga salah: bukan kiri, melainkan tengah-belakang."
1 (7245).jpg,gemma_depth_legacy_controlled,cx/gpt-5.5,spatial-description-judge-v2-image-aware,3,4.0,3.3333333333333335,4.0,4.0,4.0,0.0,"Area tengah depan relatif kosong. | Area tengah/depan relatif kosong tanpa halangan jelas. | Dinding kiri-kanan terang. | Dinding kiri-kanan terang; pintu/akses di sisi kanan. | Dinding/pintu di sisi kiri-kanan. | Jalur tengah depan tampak kosong tanpa objek penghalang besar. | Koridor indoor panjang, titik hilang di tengah/depan. | Lantai mengilap reflektif. | Lantai mengilap/reflektif. | Lorong memanjang ke depan/tengah. | Lorong sempit memanjang dari foreground ke tengah-belakang. | Tidak tampak halangan besar di jalur tengah.","Ambiguitas arah: koridor bukan memanjang ke kejauhan di kedua sisi, melainkan ke depan. | Arah 'ke kejauhan di kedua sisi' kurang sesuai; kedalaman utama ke depan. | Arah 'ke kejauhan di kedua sisi' tidak sesuai perspektif utama. | Bawah-kiri 'paling dekat' sekaligus 'kategori jauh' ambigu. | Bawah-kiri disebut paling dekat sekaligus berkategori jauh. | Kontradiksi lokal: bawah-kiri paling dekat tetapi disebut kategori jauh."
1 (7248).jpg,gemma_depth_legacy_controlled,cx/gpt-5.5,spatial-description-judge-v2-image-aware,3,5.0,4.0,4.333333333333333,4.666666666666667,4.0,0.0,"Dinding terang, lantai krem mengilap. | Dinding/ruang merah di ujung koridor. | Foreground bawah lebih dekat secara perspektif. | Jalur tengah depan tampak kosong/lapang. | Jalur tengah terlihat kosong/lapang. | Koridor panjang di tengah. | Lantai krem kosong; area tengah relatif lapang. | Lorong indoor memanjang ke tengah. | Lorong indoor panjang, dinding terang, lantai krem. | Tidak tampak halangan dekat di depan. | Tidak tampak halangan dekat. | Ujung koridor berdinding merah. | Ujung koridor: area/ruang berdinding merah.",Kategori kedalaman 'sedang' berpotensi mismatch dgn anotasi 'jauh'. | Kategori kedalaman sedang kurang selaras dg anotasi jauh. | Klaim bawah-kiri paling dekat agak over-specific.
1 (7252).jpg,gemma_depth_legacy_controlled,cx/gpt-5.5,spatial-description-judge-v2-image-aware,3,4.0,3.3333333333333335,4.0,4.0,4.0,0.0,"Area tengah depan relatif kosong/lapang. | Area tengah lantai kosong hingga jauh; pot tanaman jauh di ujung. | Area tengah lantai kosong/lapang. | Dinding terang kanan/kiri; sisi kiri ada panel biru/gelap. | Foreground bawah paling dekat secara visual. | Lantai cokelat-kuning mengilap; dinding terang. | Lantai cokelat/kuning mengilap; dinding terang kanan, biru/gelap kiri. | Lantai mengilap cokelat-kekuningan. | Lorong indoor panjang membentang ke titik hilang tengah. | Lorong memanjang ke belakang; perspektif pusat. | Lorong panjang indoor terlihat jelas. | Obj kecil/pot tanaman jauh di tengah belakang. | Objek kecil/pot di ujung lorong jauh, bukan halangan depan.",'Paling dekat' vs 'kategori jauh' kontradiktif. | Frasa 'paling dekat' + 'kategori jauh' ambigu. | Kategori 'paling dekat' tetapi 'kedalaman relatif jauh' agak kontradiktif. | Kedalaman 'tengah-kanan paling dekat' tidak tepat/rancu. | Lokasi area paling dekat disebut tengah-kanan; visual lebih foreground bawah/tengah. | Lokasi paling dekat disebut tengah-kanan; bukti visual lebih foreground/tengah-bawah.
1 (7254).jpg,gemma_depth_legacy_controlled,cx/gpt-5.5,spatial-description-judge-v2-image-aware,3,4.666666666666667,3.3333333333333335,4.333333333333333,4.0,4.333333333333333,0.4714045207910317,Area tengah lantai relatif kosong/lapang. | Bagian bawah/foreground paling dekat secara perspektif. | Deretan lemari/pajangan kaca di sisi kanan | Deretan lemari/pajangan kaca di sisi kanan. | Jalur tengah depan kosong/lapang. | Jalur tengah relatif kosong/lapang | Koridor indoor memanjang ke belakang | Koridor panjang terlihat menuju kedalaman. | Lantai glossy/reflektif. | Lantai reflektif mengkilap. | Lantai reflektif/mengkilap | Lorong panjang terlihat ke arah tengah. | Sisi kanan: deretan kabinet/lemari kaca. | Tidak ada objek penghalang signifikan di jalur tengah.,"Estimasi 'tengah-kanan paling dekat' kurang akurat; area terdekat ada foreground bawah/tengah. | Frasa 'paling dekat' + 'kategori kedalaman jauh' ambigu/kontradiktif. | Kontradiksi internal: 'paling dekat' tetapi 'kategori jauh'. | Posisi terdalam/terdekat: tengah-kanan disebut paling dekat, tidak didukung citra. | Tengah-kanan disebut area paling dekat; visual menunjukkan foreground lebih dekat"
1 (8391).jpg,gemma_depth_legacy_controlled,cx/gpt-5.5,spatial-description-judge-v2-image-aware,3,4.333333333333333,2.6666666666666665,3.3333333333333335,3.6666666666666665,3.3333333333333335,0.4714045207910317,Area tengah-bawah relatif kosong/lapang. | Area tengah/bawah relatif kosong. | Bagian kanan-bawah berisi anak tangga/railing dekat kamera. | Bawah-kanan berisi anak tangga/tiang railing dekat kamera. | Bawah-kanan berisi tangga/tiang railing dekat kamera. | Lantai kayu area bawah/tengah relatif terbuka. | Lantai kayu terang. | Lantai kayu terlihat di bawah. | Railing putih sepanjang tangga. | Railing sepanjang tangga terlihat jelas. | Railing/pagar mengikuti tangga. | Tangga dominan di tengah-kanan. | Tangga kayu interior dominan tengah-kanan.,Bawah-kanan disebut paling dekat tetapi kategori jauh. | Bawah-kanan disebut paling dekat tetapi kategori kedalaman jauh. | Distance_category kandidat jauh ≠ label sedang. | Kontradiksi: bawah-kanan paling dekat tetapi dikategorikan jauh. | Status halangan bawah-kanan diremehkan; ada struktur tangga/railing dekat. | Status halangan bawah-kanan diremehkan; ada tangga/railing dekat.
1 (8466).jpg,gemma_depth_legacy_controlled,cx/gpt-5.5,spatial-description-judge-v2-image-aware,3,4.666666666666667,4.0,4.333333333333333,5.0,4.333333333333333,0.4714045207910317,"Area tengah menuju bukaan tampak relatif lapang. | Bukaan pintu ke ruang lain di latar tengah-kanan. | Doorway ke ruangan lain di tengah-belakang. | Kabinet kayu dominan di sisi kiri. | Kabinet kayu dominan di sisi kiri/dinding dapur. | Kabinet kayu dominan di sisi kiri/dinding. | Konter/meja putih-cokelat terlihat di bawah-kanan foreground. | Konter/meja putih-kayu muncul di bawah-kanan, paling dekat ke kamera. | Lantai tengah menuju doorway relatif kosong/lapang. | Lantai tengah menuju pintu relatif kosong/lapang. | Meja/counter kanan-bawah tampak paling dekat ke kamera. | Pintu/bukaan ke ruang lain di tengah-belakang.",
1 (8477).jpg,gemma_depth_legacy_controlled,cx/gpt-5.5,spatial-description-judge-v2-image-aware,3,4.0,3.0,4.0,4.0,4.0,0.0,"Area kiri bawah berupa karpet kosong relatif lapang. | Area kiri bawah relatif kosong/lapang. | Area tengah tidak sepenuhnya kosong; ada meja ruang tamu, kursi. | Furnitur foreground bawah-kanan paling dekat. | Jendela besar di belakang area duduk. | Kursi/meja di bawah-kanan tampak paling foreground/dekat. | Kursi/meja foreground kanan-bawah paling dekat kamera. | Meja ruang tamu di tengah. | Sofa/kursi mengelilingi meja ruang tamu di tengah. | Sofa/kursi menghadap meja di tengah.","Halangan bawah-kanan bertentangan dg label, meski cukup didukung visual. | Menyebut region tengah relatif lebih lapang padahal banyak furnitur. | Status halangan tidak selaras label: has_obstacle=no. | Tengah disebut relatif lapang meski banyak furnitur. | Tengah disebut relatif lapang, padahal berisi meja/furnitur; kiri lebih lapang."
1 (8553).jpg,gemma_depth_legacy_controlled,cx/gpt-5.5,spatial-description-judge-v2-image-aware,3,4.0,3.3333333333333335,4.0,4.0,4.0,0.0,"Area tengah lantai cukup terbuka. | Area tengah lantai relatif kosong/lapang | Area tengah tampak kosong/lapang. | Dinding krem, beberapa pintu kayu kiri/kanan/tengah. | Dinding krem/cokelat muda | Lantai kayu terbuka di tengah. | Lantai kayu terlihat jelas | Lantai kayu, dinding krem. | Lorong/interior terlihat. | Pintu kayu di kiri, kanan, tengah/belakang. | Pintu kayu kiri foreground, kanan foreground, pintu tengah-belakang | Tepi/pintu kiri foreground sangat dekat. | Tidak tampak obstacle jelas di jalur tengah.","Kategori kedalaman dekat bertentangan dgn label jauh. | Kategori kedalaman dekat vs label jauh | Menyebut bawah-kiri berpotensi halangan visual; bukti lemah, label no obstacle. | Potensi halangan bawah-kiri tidak kuat; label menyatakan no obstacle. | Status halangan bawah-kiri dilebihkan"
indoor_001.webp,gemma_depth_legacy_controlled,cx/gpt-5.5,spatial-description-judge-v2-image-aware,3,4.0,2.0,3.0,4.0,3.0,0.0,"Bawah-kanan/kanan-depan dekat kamera berisi objek. | Bawah/kanan ada tas/barang/kaki tripod/tepi kasur. | Bawah/kanan-depan berisi tas/barang dekat kamera. | Jalur tengah relatif kosong dibanding sisi. | Kabel/barang berserakan lantai. | Kabel/perangkat elektronik di meja kanan, rak kiri. | Kipas angin berdiri di kanan-depan, dekat kamera. | Kipas angin berdiri di kanan-depan. | Koridor tengah lantai relatif kosong. | Meja/monitor/kursi kanan. | Meja/ranjang kanan, barang lantai, kabel terlihat. | Tengah lantai lebih kosong memanjang ke belakang.","Kategori jarak 'sedang' untuk area depan-kanan melemah; terlihat dekat. | Kategori kedalaman 'sedang' bertentangan dengan label 'dekat' + visual objek dekat. | Mengategorikan bawah-kanan sebagai jarak sedang, bukan dekat. | Mengurangi status halangan dekat di bawah-kanan/depan. | Menyiratkan kanan-depan bukan halangan visual dekat, padahal kipas/barang menghalangi. | Status bawah-kanan 'tidak otomatis halangan dekat' bertentangan citra/anotasi."
indoor_002.webp,gemma_depth_legacy_controlled,cx/gpt-5.5,spatial-description-judge-v2-image-aware,3,3.3333333333333335,2.0,3.3333333333333335,4.0,3.0,0.0,"Area tengah relatif lebih kosong dibanding kanan-depan/kiri-bawah. | Jalur tengah relatif lebih terbuka dibanding kanan-depan. | Kabel/barang berserak di lantai, terutama tengah-belakang/kanan. | Kabel/barang tersebar di lantai kanan/tengah. | Kipas angin besar di kanan-bawah/depan, sangat dekat kamera. | Lemari hijau besar di kiri-tengah. | jalur relatif lapang di tengah | kabel/barang berserakan di lantai | kipas angin besar foreground kanan-bawah, sangat dekat | lemari hijau besar di kiri-tengah","Distance bawah-kanan disebut sedang; visual+label menunjukkan dekat. | Menyatakan bukan halangan visual dekat, padahal kipas kanan-depan menghalangi. | Menyebut bawah-kanan jarak sedang, padahal dekat. | Open area kiri, bukan tengah, kurang sesuai. | Status halangan bawah-kanan direduksi; kipas/barang jelas menghalangi depan/kanan. | area kiri disebut lebih lapang, padahal banyak barang | bawah-kanan disebut bukan halangan dekat, padahal kipas menghalangi | kedalaman bawah-kanan disebut sedang, padahal dekat"
indoor_003.webp,gemma_depth_legacy_controlled,cx/gpt-5.5,spatial-description-judge-v2-image-aware,3,4.0,2.0,3.0,4.0,3.0,0.0,"Area depan bawah terhalang kipas/meja. | Area kiri tampak relatif lebih terbuka di belakang/samping dibanding kanan yg terisi laptop/meja. | Banyak kabel/benda kecil di atas meja. | Dua laptop/perangkat elektronik di kiri-depan dan kanan. | Dua laptop/perangkat elektronik di meja. | Kabel terlihat di atas meja. | Kabel/alat kecil tersebar di meja. | Kipas/objek besar di bawah-depan tampak paling dekat/menutup area depan. | Kursi kantor di belakang meja. | Laptop kiri-depan, laptop kanan di atas meja. | Meja kerja dominan di tengah-depan. | Meja kerja dominan di tengah/depan. | Meja kerja dominan tengah-depan.","Halangan dipersempit ke bawah-kiri, padahal front area meja dominan terhalang. | Halangan dipusatkan bawah-kiri; citra menunjukkan halangan depan lebih luas. | Halangan dipusatkan ke bawah-kiri; citra menunjukkan obstruction utama depan-bawah. | Menyebut kanan relatif lebih lapang; anotasi: kiri relatif lapang/safer_direction kiri. | Menyebut kanan relatif lebih lapang; bertentangan label open_area/safer_direction kiri. | Open area disebut kanan; citra/label mendukung kiri. | Safer/lapang kanan tidak kuat: kanan padat objek."
indoor_004.webp,gemma_depth_legacy_controlled,cx/gpt-5.5,spatial-description-judge-v2-image-aware,3,5.0,5.0,5.0,5.0,5.0,0.0,"Barang kanan depan paling dekat kamera. | Dinding kuning/krem. | Kotak, koper, tas menumpuk di sisi kanan bawah. | Lantai kiri lebih kosong. | Lantai kiri relatif kosong. | Lantai kiri relatif kosong/lapang. | Objek kanan-bawah paling dekat kamera. | Objek kanan-bawah paling dekat → halangan visual. | Pakaian tergantung dekat pintu/dinding kanan. | Pakaian tergantung di balik/dekat pintu kanan. | Pintu kayu tengah-belakang. | Pintu kayu terbuka di tengah-kiri. | Tas/koper/kotak menumpuk lantai kanan depan. | Tumpukan barang: kardus, koper, tas di kanan-bawah/foreground.",
indoor_005.webp,gemma_depth_legacy_controlled,cx/gpt-5.5,spatial-description-judge-v2-image-aware,3,3.0,3.0,3.0,4.0,3.0,0.0,"Botol galon terlihat kiri-belakang; barang merah di atas kulkas. | Galon air terlihat kiri-belakang; bukan isi lemari kanan. | Galon/botol terlihat kiri belakang, bukan di dalam lemari kanan. | Jalur kiri relatif kosong menuju dapur belakang. | Jalur kosong relatif di sisi kiri. | Koridor sempit berlantai ubin. | Kulkas kanan menghalangi jalur depan; sisi kiri relatif terbuka. | Kulkas/box besar di kanan depan-tengah, dekat kamera. | Kulkas/lemari es abu-abu di kanan-tengah dekat kamera. | Lorong indoor sempit berlantai ubin. | Lorong sempit berdinding tinggi, lantai ubin. | Objek besar kanan depan/tengah = kulkas abu-abu.","Isi lemari/botol di kanan tidak tampak. | Klaim lemari berisi botol/barang tidak tampak. | Klaim lemari berisi botol/barang tidak terlihat. | Misidentifikasi kulkas sebagai lemari penyimpanan panjang. | Objek utama salah: kulkas → disebut lemari penyimpanan panjang. | Objek utama salah: lemari penyimpanan panjang vs kulkas. | Open area disebut tengah; bukti/label lebih mendukung kiri. | Open area disebut tengah; bukti/label: kiri relatif lapang. | Open area salah: kiri lebih lapang, bukan tengah."
indoor_006.webp,gemma_depth_legacy_controlled,cx/gpt-5.5,spatial-description-judge-v2-image-aware,3,4.0,4.0,4.0,5.0,4.0,0.0,"Area depan-kiri terisi galon → halangan. | Area kanan lantai lebih kosong relatif, meski ada kardus/rak. | Area kanan lantai lebih kosong relatif, namun ada kardus/rak. | Bawah meja penuh wadah/barang → potensi halangan. | Dinding ubin, lantai keramik terlihat. | Galon air besar di lantai kiri-bawah, paling dekat kamera. | Galon air besar di lantai kiri-depan. | Galon besar di lantai kiri-depan, paling dekat kamera. | Kompor di meja tengah-belakang. | Kompor di meja tengah. | Lantai depan kanan relatif kosong/lapang. | Wadah/peralatan di meja/kolong.",
indoor_007.webp,gemma_depth_legacy_controlled,cx/gpt-5.5,spatial-description-judge-v2-image-aware,3,4.0,4.666666666666667,4.0,5.0,4.333333333333333,0.4714045207910317,"Ada kabinet/area bawah meja kiri, bukan dominan beberapa kardus. | Area tengah jalur lantai relatif kosong. | Area tengah lantai relatif kosong; jalur ke pintu terlihat. | Area tengah menuju pintu relatif kosong/lapang. | Bawah-kanan paling dekat kamera; berpotensi halangan. | Broom/sapu tergantung di dinding kanan. | Kantong belanja/kardus di kanan-bawah paling dekat. | Kantong belanja/kardus di kanan-bawah, paling dekat kamera. | Kantong/kardus cokelat di bawah-kanan/depan. | Pintu terbuka di tengah-kanan menuju ruang kecil. | Pintu terbuka ke ruang lain di tengah-kanan. | Sapu tergantung di dinding kanan. | Sapu tergantung di kanan; barang/kardus di kiri-bawah.",
indoor_008.webp,gemma_depth_legacy_controlled,cx/gpt-5.5,spatial-description-judge-v2-image-aware,3,3.0,3.0,3.3333333333333335,4.0,3.0,0.0,Area depan terhalang 2 wadah. | Area depan terhalang dua wadah besar. | Area depan terhalang objek besar kiri+kanan. | Bak/ember besar abu-abu di kiri bawah. | Dinding/lantai berubin terlihat. | Ember/bak besar abu-abu di kiri bawah. | Ember/bak besar abu-abu di kiri depan. | Ember/tempat sampah hitam bertutup di kanan bawah dekat pintu. | Rak kecil di dinding kiri berisi perlengkapan. | Rak kecil menempel di dinding kiri. | Tempat sampah hitam bertutup di kanan depan. | Wadah hitam bertutup di kanan bawah dekat pintu.,Ember kiri disebut tempat sampah. | Kiri disebut relatif lapang meski ada ember besar. | Klaim region kiri lebih lapang lemah: kiri ditempati rak+ember. | Klaim region kiri lebih lapang lemah; kiri ditempati bak besar. | Klaim tengah-kanan paling dekat mengabaikan ember kiri depan yang juga dekat. | Menyebut dua tempat sampah besar; kiri lebih cocok ember/bak. | Menyebut dua tempat sampah besar; satu lebih tepat ember/bak.
indoor_009.webp,gemma_depth_legacy_controlled,cx/gpt-5.5,spatial-description-judge-v2-image-aware,3,4.0,1.6666666666666667,2.6666666666666665,4.0,2.6666666666666665,0.4714045207910317,Area tengah lantai relatif kosong namun sisi depan terhalang objek. | Bak besar kiri-bawah/depan. | Bak/ember besar kiri-bawah. | Ember hitam kanan-bawah/depan sangat dekat. | Kamar mandi berubin. | Lantai depan terisi objek kiri+kanan. | Rak penyimpanan kiri atas. | Rak/wadah di kiri. | Tong/ember hitam kanan-bawah dekat kamera. | area depan terhalang ember | ember hitam kanan bawah/depan | ember/bak besar kiri depan | rak kiri berisi perlengkapan | ubin dinding/lantai terlihat,"Bertentangan dg label: distance dekat, front terhalang, obstacle yes. | Halangan bawah-kanan diremehkan; ada ember besar. | Kanan-bawah disebut jauh, padahal dekat. | Kanan-bawah disebut tidak berhalangan kuat, padahal ada tong/ember besar. | Kategori bawah-kanan disebut jauh, visual dekat. | bawah-kanan disebut jauh | front area seharusnya dekat+terhalang | halangan bawah-kanan diremehkan"
indoor_010.webp,gemma_depth_legacy_controlled,cx/gpt-5.5,spatial-description-judge-v2-image-aware,3,4.0,3.6666666666666665,4.0,4.666666666666667,4.0,0.0,"Area bawah/depan meja paling dekat kamera; bawah kanan berisi tepi meja/barang. | Area depan/bawah meja paling dekat kamera, berisi ruang bawah meja/barang. | Benda di kanan-depan: botol, mangkuk; bawah meja clutter. | Panci/saringan logam tergantung atas-kanan. | Panci/saringan logam tergantung di dinding atas-kanan. | Panci/saringan tergantung kanan-atas. | Rak piring berada di kiri wastafel. | Rak piring di kiri wastafel. | Rak piring di kiri. | Ubin kotak-kotak di dinding. | Wastafel di tengah-bawah/kanan. | Wastafel terlihat di area tengah-kanan bawah.",'Bawah-kanan paling dekat' tidak tegas; tepi bawah meja juga dekat. | Kiri disebut relatif lapang meski ada rak piring besar.
indoor_011.webp,gemma_depth_legacy_controlled,cx/gpt-5.5,spatial-description-judge-v2-image-aware,3,4.0,2.6666666666666665,4.0,4.0,3.3333333333333335,0.4714045207910317,"Area lantai kiri-tengah relatif kosong. | Bawah-kiri ada bagian kursi/sapu, tetapi bukan halangan dominan. | Galon air besar di kanan bawah/dekat meja. | Galon air besar di kanan-bawah/tengah. | Galon besar di kanan bawah-depan. | Kompor/peralatan masak di kanan atas. | Kompor/peralatan masak di meja kanan. | Lantai kiri/tengah relatif kosong. | Lantai tengah-kiri relatif kosong. | Meja dapur/kompor/peralatan di kanan. | Stool/sapu tampak sebagian di kiri bawah. | Tepi kiri bawah ada kursi/sapu sebagian, bukan objek utama.","Bawah-kiri disebut potensi halangan utama; lemah dibanding bukti galon/meja kanan. | Halangan utama kanan kurang ditegaskan. | Menyebut bawah-kiri sebagai halangan utama; citra/label lebih mendukung kanan/depan terhalang. | Menyebut tengah lebih lapang; label: kiri relatif lapang/arah lebih aman. | Open area salah: menyebut tengah lapang, anotasi/citra lebih mendukung kiri. | Posisi halangan utama salah: menekankan bawah-kiri, bukan galon/area kanan-depan."
indoor_012.webp,gemma_depth_legacy_controlled,cx/gpt-5.5,spatial-description-judge-v2-image-aware,3,4.0,5.0,4.0,4.0,4.0,0.0,"Area kanan lantai lebih terbuka. | Jalur kanan relatif kosong menuju pintu belakang. | Kabinet/alat abu-abu besar menempel sisi kiri, menghalangi jalur depan-kiri. | Kabinet/alat besar gelap sepanjang sisi kiri. | Koridor memanjang ke pintu kayu belakang. | Koridor sempit dengan lantai keramik putih. | Koridor sempit; lantai keramik terang. | Kulkas/lemari gelap besar di sisi kiri. | Lantai keramik terang. | Magic com kiri-depan di atas bangku. | Magic com putih di kiri-depan di atas bangku. | Magic com putih-biru di kiri depan di atas bangku. | Pintu kayu di ujung belakang. | Sisi kanan koridor relatif kosong/lapang.",Klaim lemari kayu sepanjang dinding kurang sesuai visual. | Klaim lemari kayu sepanjang dinding kurang terdukung. | Klaim lemari kayu sepanjang dinding tidak kuat dari citra.
indoor_013.webp,gemma_depth_legacy_controlled,cx/gpt-5.5,spatial-description-judge-v2-image-aware,3,3.0,2.0,3.0,3.6666666666666665,3.0,0.0,"1 pintu kayu cokelat di tengah-kanan | Dinding kanan kosong, tanpa tirai/pintu | Karpet kecil di lantai kiri-depan dekat tirai | Karpet kecil di lantai kiri-depan pintu. | Lantai depan/tengah kosong relatif lapang. | Lantai tengah/depan relatif kosong | Satu pintu kayu cokelat di tengah-kanan. | Tidak tampak halangan kuat di area depan. | Tirai hijau hanya di sisi kiri | Tirai hijau hanya di sisi kiri. | dinding kanan kosong | karpet kecil di kiri-bawah/depan tirai | lantai tengah-bawah relatif kosong | tirai hijau hanya di kiri","Arah lapang/aman lebih tepat tengah, bukan kiri/bawah-kanan. | Menyebut dua pintu kayu | Menyebut dua pintu kayu; citra menunjukkan satu pintu. | Menyebut tirai kiri dan kanan; tirai kanan tidak tampak. | Menyebut tirai sisi kanan | Safer/open direction digeser ke kiri/bawah-kanan, bukan tengah | klaim bawah-kanan paling dekat tetapi kategori jauh | menyebut dua pintu | menyebut tirai kiri dan kanan | region kiri disebut lebih lapang padahal tengah lebih lapang"
indoor_014.webp,gemma_depth_legacy_controlled,cx/gpt-5.5,spatial-description-judge-v2-image-aware,3,4.0,4.0,4.0,4.666666666666667,4.0,0.0,"Area kanan lantai relatif kosong/lapang dibanding kiri. | Area kanan-tengah lantai relatif kosong/lapang. | Bangku kayu di kiri-tengah dekat dinding. | Bangku kayu di kiri-tengah dengan bantal/barang di atasnya. | Bangku kayu di kiri-tengah dengan bantal/selimut/tas di atasnya. | Bantal lantai abu-abu di depan-tengah, kantong plastik/hitam di kiri-bawah. | Bantal lantai/alas kecil di lantai depan-tengah; kantong plastik hitam kiri-depan. | Bantal/alas, plastik/tas hitam, barang di lantai kiri-depan. | Koper hitam di kanan dekat dinding. | Koper hitam di kanan dekat dinding; area lantai kanan relatif kosong. | Lantai keramik putih terlihat jelas. | Lantai keramik putih terlihat. | Lantai keramik putih, ruangan indoor sempit.","Area terdekat bukan tengah-kiri melainkan kiri-bawah/depan. | Menyebut beberapa barang 'di sekitar bangku' cukup umum; koper berada jauh kanan, bukan tepat sekitar bangku."
indoor_015.webp,gemma_depth_legacy_controlled,cx/gpt-5.5,spatial-description-judge-v2-image-aware,3,3.3333333333333335,2.0,3.0,4.0,3.0,0.0,"1 koper besar di kiri dekat dinding/sudut. | Area lantai depan/tengah tampak relatif kosong; objek menghalang terutama kiri-belakang/tengah-belakang. | Banyak sepatu/rak di tengah-kanan sepanjang dinding belakang. | Banyak sepatu/rak sepatu di tengah-kanan, bukan hanya sepasang. | Banyak sepatu/rak sepatu di tengah-kanan. | Koper besar di kiri dekat sudut/dinding. | Koper besar tunggal di kiri dekat dinding/lantai. | Lantai depan relatif kosong; objek terkumpul kiri/tengah-kanan. | Lantai depan/tengah tampak kosong relatif lapang. | Tirai hijau di kanan. | Tirai hijau tergantung kanan.","Kanan disebut relatif lapang meski terlihat banyak sepatu/rak. | Klaim tengah-kiri kedalaman sedang/tidak halangan → annotation: dekat, front terhalang; citra koper kiri cukup dekat. | Klaim tengah-kiri paling dekat/medium tidak kuat. | Menganggap tengah-kiri bukan halangan dekat; label: depan terhalang/dekat. | Menilai kanan relatif lebih lapang; kanan berisi rak/sepatu. | Menilai tengah-kiri sedang/tidak dekat-halangan; koper kiri dekat dan menghalangi. | Menyebut beberapa koper → citra hanya 1 koper jelas. | Menyebut beberapa koper. | Menyebut sepasang sepatu padahal banyak pasang. | Menyebut sepasang sepatu → citra banyak pasang."
indoor_016.webp,gemma_depth_legacy_controlled,cx/gpt-5.5,spatial-description-judge-v2-image-aware,3,2.6666666666666665,4.0,3.0,4.0,3.0,0.0,"Area kiri dinding/kasur relatif lebih terbuka. | Area kiri lebih kosong dibanding kanan. | Area kiri relatif kosong/lapang dibanding kanan. | Kasur/seprai terlihat bawah kiri. | Kasur/seprai terlihat kiri bawah. | Lemari/laci biru besar di kanan/tengah-kanan. | Lemari/laci plastik biru di kanan-tengah. | Objek besar dekat kamera → halangan depan/kanan. | Objek besar dekat kamera → halangan. | Objek kanan dekat kamera → halangan depan/kanan. | Panel depan bergambar kartun, bukan bingkai foto. | Panel laci bergambar karakter, bukan bingkai foto. | Panel laci bergambar kartun, bukan bingkai foto.",Menyebut dipenuhi bingkai foto. | Menyebut rak kayu.
indoor_017.webp,gemma_depth_legacy_controlled,cx/gpt-5.5,spatial-description-judge-v2-image-aware,3,4.0,4.333333333333333,4.0,5.0,4.0,0.0,"Area kanan depan lebih dekat, menghalangi pandangan. | Area kiri lebih kosong pada bidang lantai/dinding, tetapi ada troli berisi barang. | Kabel terlihat di meja. | Kabel terlihat di meja/kanan. | Kabel terlihat di meja/sekitar perangkat. | Kiri berisi rak/barang, namun ruang dinding/lantai lebih terbuka dibanding kanan. | Kiri meja lebih kosong relatif dibanding kanan, meski ada rak/alat kecil. | Meja hitam dominan kanan-tengah. | Meja hitam dominan tengah-kanan. | Mikrofon + arm di kanan depan/tengah. | Mikrofon boom hitam dominan di tengah-kanan/depan. | Mikrofon/boom arm menonjol di kanan-depan → halangan dekat. | Monitor besar belakang kanan; tablet/layar kecil bawahnya. | Monitor besar di belakang kanan. | Monitor besar di kanan/atas meja. | Objek kanan-depan paling dekat kamera → halangan.",'beberapa monitor' agak berlebih; terlihat 1 monitor utama + tablet/layar kecil.
indoor_018.webp,gemma_depth_legacy_controlled,cx/gpt-5.5,spatial-description-judge-v2-image-aware,3,4.0,3.0,4.0,4.0,3.3333333333333335,0.4714045207910317,"Ada barang/kantong juga di kiri-bawah dekat kabinet. | Area tengah lantai relatif kosong/lapang. | Kantong belanja cokelat di kanan-bawah dekat kamera. | Kantong belanja di kanan-bawah lantai. | Kantong belanja di lantai kanan-bawah/depan. | Karpet merah tengah, area tengah relatif terbuka. | Keset merah di tengah, area sekitar tengah relatif kosong. | Pintu/bingkai di kanan, ruang kecil belakang. | Pintu/bingkai di kanan. | Sisi kiri bawah dekat kamera berisi tepi kounter/barang, tapi bukan halangan utama. | Wastafel+countertop di kiri. | Wastafel+kounter di kiri.","Halangan utama tidak diidentifikasi sebagai kantong kanan-bawah. | Lokasi halangan utama kurang tepat: disebut bawah-kiri, bukti kuat kanan-bawah/front. | Menetapkan bawah-kiri sebagai area paling dekat/halangan utama; bukti kuat menunjukkan kantong kanan-bawah/front sebagai halangan dekat. | Status bawah-kiri sebagai halangan utama lemah; lebih berupa counter/tepi kiri, bukan jalur utama."
indoor_019.webp,gemma_depth_legacy_controlled,cx/gpt-5.5,spatial-description-judge-v2-image-aware,3,4.0,4.333333333333333,4.666666666666667,4.0,4.333333333333333,0.4714045207910317,"Area kanan lebih dekat kamera, menghalangi jalur. | Galon air, wadah, tas terlihat di area belakang/kanan. | Galon/botol besar kiri-belakang; wadah/tabung di belakang. | Galon/botol/wadah/tas/kardus terlihat di belakang/kanan. | Jalur kiri lantai relatif kosong/lapang. | Jalur lantai kiri relatif kosong/lapang. | Kulkas/freezer abu-abu dominan di kanan depan, paling dekat. | Kulkas/freezer besar di kanan depan. | Kulkas/freezer besar di kanan foreground/midground. | Lantai ubin, dinding kiri terlihat. | Lorong kiri ubin relatif kosong. | Objek kanan depan paling dekat kamera → halangan. | Tas merah+kardus di atas kulkas kanan.",
indoor_020.webp,gemma_depth_legacy_controlled,cx/gpt-5.5,spatial-description-judge-v2-image-aware,3,4.0,4.0,4.0,5.0,4.0,0.0,"Area bawah penuh galon, wadah, tabung gas, kardus. | Botol air besar di bawah-kiri, paling dekat kamera. | Galon besar dominan di bawah-kiri foreground. | Galon besar dominan di bawah-kiri, paling dekat kamera. | Kanan bawah terisi kardus/objek, bukan jelas lapang. | Kanan bawah tidak jelas lapang; ada kardus, tabung/gelas. | Kompor 2 tungku di meja tengah-kanan. | Kompor dua tungku di meja tengah. | Kompor gas di tengah meja. | Panci/wajan di atas kompor. | Rak bawah berisi wadah, tabung, kardus kanan. | Ruang bawah meja penuh wadah, tabung, kardus.",Kanan disebut relatif lapang meski banyak objek. | Kerapian dilebihkan. | Klaim region kanan relatif lebih lapang kurang didukung visual. | Region kanan 'lebih lapang' kurang didukung visual.
indoor_021.webp,gemma_depth_legacy_controlled,cx/gpt-5.5,spatial-description-judge-v2-image-aware,3,4.0,3.3333333333333335,4.0,4.0,4.0,0.0,"Area tengah ambang pintu tampak jalur lebih terbuka. | Area tengah dekat ambang pintu relatif kosong. | Area tengah depan pintu relatif kosong. | Bawah-kiri berisi rak/panci/tepi meja dekat kamera. | Bawah-kiri berisi wastafel/rak/peralatan dekat kamera. | Kanan ditempati daun pintu. | Kanan sebagian terhalang daun pintu. | Kanan terisi daun pintu. | Kiri-bawah berisi meja, rak, wajan/alat → dekat/terhalang. | Pintu terbuka di kanan menuju kamar mandi. | Pintu terbuka di kanan menuju ruang tiled. | Pintu terbuka di kanan menuju ruang ubin. | Wastafel/meja di kiri depan. | Wastafel/meja di kiri foreground.","Arah lapang disebut kanan; bukti+label lebih mendukung tengah. | Arah lapang kanan kurang tepat; seharusnya tengah lebih aman/lapang. | Safer/open area disebut kanan, bukan tengah."
indoor_022.webp,gemma_depth_legacy_controlled,cx/gpt-5.5,spatial-description-judge-v2-image-aware,3,4.0,3.0,4.0,4.0,4.0,0.0,"Area kanan lantai/lorong relatif kosong/lapang. | Lantai keramik putih, dinding krem terang. | Lantai keramik putih, dinding krem. | Lantai keramik putih, dinding krem/terang. | Pintu kayu besar di kiri foreground sangat dekat. | Pintu kayu besar sangat dekat di kiri foreground. | Pintu kayu besar sangat dekat di sisi kiri foreground. | Pintu kayu lain di ujung lorong tengah-belakang. | Pintu kayu lain di ujung lorong. | Pintu lain tampak di ujung tengah lorong. | Sisi kanan lorong relatif kosong/lapang. | Sisi kanan lorong tampak lebih kosong/lapang.","Area lapang disebut tengah; label/visual lebih mendukung kanan relatif lapang. | Halangan disebut tengah-kiri; lebih tepat kiri foreground. | Lokasi terdekat/halangan disebut tengah-kiri; visual lebih jelas kiri foreground. | Open area salah/kurang tepat: kandidat menyebut tengah, bukti lebih kanan. | Open area salah: kandidat menyebut tengah, bukti/label kanan. | Tidak menyebut arah lebih aman kanan."
indoor_023.webp,gemma_depth_legacy_controlled,cx/gpt-5.5,spatial-description-judge-v2-image-aware,3,4.0,3.0,3.3333333333333335,4.0,3.3333333333333335,0.4714045207910317,"Area kanan berisi pintu terbuka menuju ruang/koridor. | Cermin berbingkai kayu di kiri-bawah. | Cermin kayu berdiri di kiri-bawah. | Cermin kayu di kiri-bawah. | Gantungan/barang di dinding kiri. | Gantungan/benda tergantung di dinding kiri. | Gantungan/kabel di dinding kiri. | Lantai/lorong kanan tampak relatif lapang. | Pintu kayu besar di kanan-tengah, terbuka. | Pintu kayu besar di kanan. | Pintu kayu besar terbuka di sisi kanan. | Ruang lewat pintu kanan tampak lebih kosong. | Tas hitam di kiri-bawah dekat kamera. | Tas hitam/cermin dekat kamera di bawah-kiri. | Tas hitam/objek dekat di bawah-kiri.","'Paling dekat' + 'kategori jauh' kontradiktif/rancu. | Arah aman/anotasi tengah; kandidat menonjolkan kanan. | Bawah-kiri disebut kategori jauh/paling tidak menghalangi, padahal objek dekat jelas. | Bawah-kiri disebut tidak ada halangan kuat padahal ada tas/cermin dekat. | Bawah-kiri disebut tidak ada halangan kuat, padahal ada objek dekat. | Kategori depth 'terdekat' tetapi 'jauh' → inkonsisten. | Open/safer area lebih cocok tengah/kanan-tengah, bukan klaim bawah-kiri aman. | Safer/open area anotasi: tengah; kandidat menekankan kanan."
indoor_024.webp,gemma_depth_legacy_controlled,cx/gpt-5.5,spatial-description-judge-v2-image-aware,3,4.0,3.3333333333333335,4.0,4.333333333333333,4.0,0.0,"Area kosong terlihat lewat bukaan/tengah-kanan, bukan kiri. | Barang menumpuk di bawah-kanan, dekat kamera. | Barang menumpuk di lantai kanan-bawah, dekat kamera. | Barang/kotak/kalender di lantai kanan-bawah. | Dinding putih kanan berisi stopkontak/sakelar. | Dinding putih kanan dengan sakelar/stopkontak. | Lantai tengah/kiri terlihat lebih kosong tetapi kiri juga ditempati daun pintu. | Lantai/ruang terbuka terlihat melalui area tengah dekat pintu. | Objek kanan-bawah paling dekat, berpotensi halangan. | Pintu kayu besar di kiri. | Stopkontak/sakelar di dinding kanan.",Kiri disebut relatif lebih lapang; bukti visual/label lebih mendukung area kanan/tengah sebagai area lapang/aman. | Klaim region kiri lebih lapang tidak sepenuhnya selaras label open_area=kanan. | Open area/safe dir salah: kandidat kiri lapang vs anotasi kanan.
indoor_025.webp,gemma_depth_legacy_controlled,cx/gpt-5.5,spatial-description-judge-v2-image-aware,3,3.6666666666666665,2.0,3.3333333333333335,4.0,3.0,0.0,"Area bawah-kiri berisi meja/keyboard/arm, dekat kamera. | Area kanan tidak sepenuhnya lapang: kursi, kabel. | Area kiri didominasi meja besar/perangkat dekat kamera. | Bawah-kiri dekat kamera: tepi meja. | Kursi kantor putih berada kanan-tengah/depan meja. | Kursi kantor putih di kanan/tengah-depan. | Kursi kantor putih dominan kanan. | Lantai kanan bawah agak kosong, tapi kanan tengah terhalang kursi. | Lantai kanan bawah terlihat sebagian, tapi terisi kaki kursi+kabel. | Meja hitam + monitor/laptop di kiri. | Monitor+laptop di meja hitam kiri.","Halangan difokuskan bawah-kiri; label: objek utama kursi kanan, front terhalang. | Halangan utama tidak menyebut kursi kanan. | Halangan/front salah fokus: bawah-kiri, bukan kursi kanan. | Kursi tersirat tersusun di atas meja. | Main object kursi tidak dijadikan fokus. | Menyebut kanan relatif lebih lapang; citra+label: area kiri relatif lapang/arah aman kiri. | Open area salah: kandidat kanan lapang vs anotasi kiri. | Open/safer area dibalik: kandidat kanan, label kiri."
indoor_026.webp,gemma_depth_legacy_controlled,cx/gpt-5.5,spatial-description-judge-v2-image-aware,3,4.0,4.0,4.0,5.0,4.0,0.0,"Koper besar di kanan dekat dinding. | Koper besar menempel dinding kanan-belakang. | Lantai kiri-tengah kosong relatif lapang. | Lantai kiri/tengah-kiri kosong relatif lapang. | Objek kanan bawah menghalangi area depan kanan. | Objek kanan-bawah paling dekat kamera → potensi halangan. | Objek kanan-bawah paling dekat kamera. | Rak/deret sepatu di kanan bawah, paling dekat kamera. | Rak/deretan sepatu di kanan-bawah foreground. | Rak/deretan sepatu di kanan-bawah/foreground.",'tumpukan koper' tidak tampak; hanya satu koper. | Arah lapang kurang tepat: kiri lebih jelas daripada tengah. | Menyebut sepatu di lantai; sebagian besar di rak. | Menyebut tumpukan koper padahal terlihat satu koper. | Open area disebut tengah; label/citra lebih kuat kiri. | Open area lebih tepat kiri daripada tengah.
indoor_027.webp,gemma_depth_legacy_controlled,cx/gpt-5.5,spatial-description-judge-v2-image-aware,3,4.0,2.3333333333333335,3.3333333333333335,4.0,3.3333333333333335,0.4714045207910317,"Bangku kayu dengan tas/helm memenuhi kiri-depan. | Bangku kayu menempati kiri-depan. | Bangku/meja kayu di kiri depan. | Kipas angin berdiri di kanan dekat dinding. | Kipas angin berdiri di sisi kanan dekat dinding. | Kipas berdiri dekat dinding di sisi kanan/tengah-kanan. | Lantai tengah-kanan sebagian kosong, tetapi kipas menempati kanan-tengah. | Lantai tengah-kanan terlihat lebih kosong/lapang. | Lantai tengah-kanan terlihat lebih terbuka daripada kiri-depan. | Tas/helm/barang berada di atas bangku. | Tas/helm/barang di atas bangku.","Menilai kanan relatif lapang tanpa menekankan kipas sebagai objek kanan. | Menyebut tengah-kiri tidak otomatis halangan dekat, padahal bangku+barang dekat menghalangi. | Menyebut tengah-kiri tidak otomatis halangan dekat, padahal bangku/barang kiri-depan jelas menghalangi. | Open/safer area lebih cocok tengah, bukan kanan. | Posisi objek utama tidak dinyatakan eksplisit kanan sesuai anotasi. | Safer/open area lebih tepat tengah, bukan tengah-kiri. | Tengah-kiri disebut tidak otomatis halangan, padahal kiri depan jelas ditempati bangku/barang dekat."
indoor_028.webp,gemma_depth_legacy_controlled,cx/gpt-5.5,spatial-description-judge-v2-image-aware,3,5.0,4.666666666666667,5.0,5.0,5.0,0.0,"Area depan meja dekat kamera; objek menghalangi. | Area kiri masih ada mikrofon, tetapi relatif lebih kosong dibanding tengah/kanan. | Area kiri meja lebih kosong dibanding tengah/kanan. | Keyboard di depan tablet. | Mikrofon di kiri. | Mikrofon kiri. | Monitor besar di belakang/tengah. | Monitor besar di tengah-belakang meja. | Mouse di kanan, mikrofon di kiri-depan. | Mouse putih di kanan. | Mouse putih kanan. | Permukaan meja/front area mengisi bagian bawah citra → dekat/terhalang. | Sisi kiri meja relatif lebih kosong dibanding tengah/kanan. | Tablet di bawah monitor, keyboard di depan tablet. | Tablet di depan monitor, keyboard di depannya. | Tablet/display kecil di depan monitor. | Tepi meja bawah & area kanan-bawah tampak paling dekat.",
indoor_029.webp,gemma_depth_legacy_controlled,cx/gpt-5.5,spatial-description-judge-v2-image-aware,3,4.666666666666667,4.666666666666667,4.666666666666667,5.0,4.666666666666667,0.4714045207910317,"Bagian dudukan/roda kursi mengisi bawah-tengah → halangan dekat. | Bagian kursi bawah/depan paling dekat → menghalangi area depan. | Dudukan/roda kursi dekat area bawah-tengah. | Karpet bermotif di bawah-kanan. | Karpet bermotif di kanan bawah; lantai kanan relatif terbuka. | Karpet bermotif kanan-bawah. | Kursi kantor dominan di tengah, sangat dekat kamera. | Kursi kantor hitam dominan di tengah foreground. | Kursi kantor hitam dominan di tengah/depan. | Lemari biru di kanan belakang. | Lemari biru di kanan-belakang. | Tempat tidur terlihat kiri-belakang. | Tempat tidur terlihat kiri/belakang kursi. | Tempat tidur terlihat kiri/belakang.",
indoor_030.webp,gemma_depth_legacy_controlled,cx/gpt-5.5,spatial-description-judge-v2-image-aware,3,4.0,2.3333333333333335,3.3333333333333335,4.0,3.3333333333333335,0.4714045207910317,"Area depan terhalang daun pintu. | Area kanan lantai terlihat memanjang relatif kosong. | Bukaan/lorong terlihat di kanan pintu. | Bukaan/ruang kosong terlihat di kanan pintu. | Daun pintu terbuka menonjol ke area depan. | Halangan utama: daun pintu terbuka menjorok ke depan/kiri-tengah. | Lantai keramik, dinding terang terlihat. | Pintu kayu besar berada tengah-kiri frame. | Pintu kayu cokelat besar dominan kiri-tengah. | Pintu kayu cokelat besar terbuka, dominan tengah-kiri. | Ruang/bukaan terlihat di kanan pintu.","Menyebut tengah-kanan paling dekat/halangan utama. | Menyiratkan area tengah lebih lapang; citra+label: kanan lebih lapang. | Open area disebut tengah, bukan kanan. | Open area kanan tidak disebut; malah tengah-kanan dianggap halangan. | Safer/lapang seharusnya kanan, bukan tengah. | Salah lokalisasi halangan: tengah-kanan vs pintu kiri-tengah."
