timestamp,image_name,mode,analysis_method,description_gemma,main_object,object_position,scene_type,sensor_status,sensor_reason_code,sensor_1_cm,sensor_2_cm,sensor_1_corrected_cm,sensor_2_corrected_cm,sensor_pair_disagreement_cm,frontal_reference_cm,calibration_status,final_description,gemma_latency_ms,sensor_latency_ms,total_latency_ms,error
,indoor_001.webp,gemma_only,,,,,,,,,,,,,,,,0,,35098,Gemma returned an empty description.
,indoor_001.webp,gemma_depth,,,,,,,,,,,,,,,"Berdasarkan estimasi kedalaman, bagian bawah-kanan merupakan area yang paling dekat dibanding area lain, meskipun masih berada pada kategori jarak sedang. Area bawah-kanan berpotensi menjadi halangan visual karena posisinya terbaca lebih dekat dibanding area lain. Area tengah tampak relatif lebih lapang.",0,,31314,Gemma returned an empty description.
,indoor_002.webp,gemma_only,,,,,,,,,,,,,,,,0,,33381,Gemma returned an empty description.
,indoor_002.webp,gemma_depth,,,,,,,,,,,,,,,"Berdasarkan estimasi kedalaman, bagian bawah-kanan merupakan area yang paling dekat dibanding area lain, meskipun masih berada pada kategori jarak sedang. Area bawah-kanan berpotensi menjadi halangan visual karena posisinya terbaca lebih dekat dibanding area lain. Area kiri tampak relatif lebih lapang.",0,,32818,Gemma returned an empty description.
,indoor_003.webp,gemma_only,,,,,,,,,,,,,,,,0,,32538,Gemma returned an empty description.
,indoor_003.webp,gemma_depth,,,,,,,,,,,,,,,"Berdasarkan estimasi kedalaman, bagian bawah-kiri merupakan area yang paling dekat dibanding area lain, meskipun masih berada pada kategori jarak sedang. Area bawah-kiri berpotensi menjadi halangan visual karena posisinya terbaca lebih dekat dibanding area lain. Area kanan tampak relatif lebih lapang.",0,,32651,Gemma returned an empty description.
,indoor_004.webp,gemma_only,,,,,,,,,,,,,,,,0,,32914,Gemma returned an empty description.
,indoor_004.webp,gemma_depth,,,,,,,,,,,,,,,"Berdasarkan estimasi kedalaman, bagian bawah-kanan merupakan area yang paling dekat dibanding area lain, meskipun masih berada pada kategori jarak sedang. Area bawah-kanan berpotensi menjadi halangan visual karena posisinya terbaca lebih dekat dibanding area lain. Area kiri tampak relatif lebih lapang.",0,,32618,Gemma returned an empty description.
,indoor_005.webp,gemma_only,,,,,,,,,,,,,,,,0,,32849,Gemma returned an empty description.
,indoor_005.webp,gemma_depth,,,,,,,,,,,,,,,"Berdasarkan estimasi kedalaman, bagian tengah-kanan merupakan area yang paling dekat dibanding area lain, meskipun masih berada pada kategori jarak sedang. Area tengah-kanan berpotensi menjadi halangan visual karena posisinya terbaca lebih dekat dibanding area lain. Area tengah tampak relatif lebih lapang.",0,,30847,Gemma returned an empty description.
,indoor_006.webp,gemma_only,,,,,,,,,,,,,,,,0,,34937,Gemma returned an empty description.
,indoor_006.webp,gemma_depth,,,,,,,,,,,,,,,"Berdasarkan estimasi kedalaman, bagian bawah-kiri merupakan area yang paling dekat dibanding area lain, meskipun masih berada pada kategori jarak sedang. Area bawah-kiri berpotensi menjadi halangan visual karena posisinya terbaca lebih dekat dibanding area lain. Area kanan tampak relatif lebih lapang.",0,,32726,Gemma returned an empty description.
,indoor_007.webp,gemma_only,,,,,,,,,,,,,,,,0,,31354,Gemma returned an empty description.
,indoor_007.webp,gemma_depth,,,,,,,,,,,,,,,"Berdasarkan estimasi kedalaman, bagian bawah-kanan merupakan area yang paling dekat dibanding area lain, meskipun masih berada pada kategori jarak sedang. Area bawah-kanan berpotensi menjadi halangan visual karena posisinya terbaca lebih dekat dibanding area lain. Area tengah tampak relatif lebih lapang.",0,,30818,Gemma returned an empty description.
,indoor_008.webp,gemma_only,,,,,,,,,,,,,,,,0,,30158,Gemma returned an empty description.
,indoor_008.webp,gemma_depth,,,,,,,,,,,,,,,"Berdasarkan estimasi kedalaman, bagian tengah-kanan merupakan area yang paling dekat dibanding area lain, meskipun masih berada pada kategori jarak sedang. Area tengah-kanan berpotensi menjadi halangan visual karena posisinya terbaca lebih dekat dibanding area lain. Area kiri tampak relatif lebih lapang.",0,,30241,Gemma returned an empty description.
,indoor_009.webp,gemma_only,,,,,,,,,,,,,,,,0,,30107,Gemma returned an empty description.
,indoor_009.webp,gemma_depth,,,,,,,,,,,,,,,"Berdasarkan estimasi kedalaman, bagian bawah-kanan merupakan area yang paling dekat dibanding area lain, meskipun masih berada pada kategori jarak jauh. Area bawah-kanan tidak menunjukkan potensi halangan visual yang kuat karena masih berada pada kategori jarak jauh. Area tengah tampak relatif lebih lapang.",0,,30373,Gemma returned an empty description.
,indoor_010.webp,gemma_only,,,,,,,,,,,,,,,,0,,31444,Gemma returned an empty description.
,indoor_010.webp,gemma_depth,,,,,,,,,,,,,,,"Berdasarkan estimasi kedalaman, bagian bawah-kanan merupakan area yang paling dekat dibanding area lain, meskipun masih berada pada kategori jarak sedang. Area bawah-kanan berpotensi menjadi halangan visual karena posisinya terbaca lebih dekat dibanding area lain. Area kiri tampak relatif lebih lapang.",0,,30688,Gemma returned an empty description.
,indoor_011.webp,gemma_only,,,,,,,,,,,,,,,,0,,29884,Gemma returned an empty description.
,indoor_011.webp,gemma_depth,,,,,,,,,,,,,,,"Berdasarkan estimasi kedalaman, bagian bawah-kiri merupakan area yang paling dekat dibanding area lain, meskipun masih berada pada kategori jarak sedang. Area bawah-kiri berpotensi menjadi halangan visual karena posisinya terbaca lebih dekat dibanding area lain. Area tengah tampak relatif lebih lapang.",0,,29779,Gemma returned an empty description.
,indoor_012.webp,gemma_only,,,,,,,,,,,,,,,,0,,30552,Gemma returned an empty description.
,indoor_012.webp,gemma_depth,,,,,,,,,,,,,,,"Berdasarkan estimasi kedalaman, bagian bawah-kiri merupakan area yang paling dekat dibanding area lain, meskipun masih berada pada kategori jarak sedang. Area bawah-kiri berpotensi menjadi halangan visual karena posisinya terbaca lebih dekat dibanding area lain. Area kanan tampak relatif lebih lapang.",0,,33603,Gemma returned an empty description.
,indoor_013.webp,gemma_only,,,,,,,,,,,,,,,,0,,33243,Gemma returned an empty description.
,indoor_013.webp,gemma_depth,,,,,,,,,,,,,,,"Berdasarkan estimasi kedalaman, bagian bawah-kanan merupakan area yang paling dekat dibanding area lain, meskipun masih berada pada kategori jarak jauh. Area bawah-kanan tidak menunjukkan potensi halangan visual yang kuat karena masih berada pada kategori jarak jauh. Area kiri tampak relatif lebih lapang.",0,,32686,Gemma returned an empty description.
,indoor_014.webp,gemma_only,,,,,,,,,,,,,,,,0,,32725,Gemma returned an empty description.
,indoor_014.webp,gemma_depth,,,,,,,,,,,,,,,"Berdasarkan estimasi kedalaman, bagian tengah-kiri merupakan area yang paling dekat dibanding area lain, meskipun masih berada pada kategori jarak sedang. Area tengah-kiri berpotensi menjadi halangan visual karena posisinya terbaca lebih dekat dibanding area lain. Area kanan tampak relatif lebih lapang.",0,,32917,Gemma returned an empty description.
,indoor_015.webp,gemma_only,,,,,,,,,,,,,,,,0,,33026,Gemma returned an empty description.
,indoor_015.webp,gemma_depth,,,,,,,,,,,,,,,"Berdasarkan estimasi kedalaman, bagian tengah-kiri merupakan area yang paling dekat dibanding area lain, meskipun masih berada pada kategori jarak sedang. Area tengah-kiri berpotensi menjadi halangan visual karena posisinya terbaca lebih dekat dibanding area lain. Area kanan tampak relatif lebih lapang.",0,,32611,Gemma returned an empty description.
,indoor_016.webp,gemma_only,,,,,,,,,,,,,,,,0,,32940,Gemma returned an empty description.
,indoor_016.webp,gemma_depth,,,,,,,,,,,,,,,"Berdasarkan estimasi kedalaman, bagian tengah-kanan merupakan area yang paling dekat dibanding area lain, meskipun masih berada pada kategori jarak sedang. Area tengah-kanan berpotensi menjadi halangan visual karena posisinya terbaca lebih dekat dibanding area lain. Area kiri tampak relatif lebih lapang.",0,,33062,Gemma returned an empty description.
,indoor_001.webp,gemma_only,,"Ruangan ini tampak sebagai area santai dengan perabotan yang terlihat digunakan. Terdapat beberapa barang dan kabel yang tersebar di lantai, sehingga perlu diperhatikan potensi hambatan.",Area ruang tamu,tengah,indoor,,,,,,,,,,"Ruangan ini tampak sebagai area santai dengan perabotan yang terlihat digunakan. Terdapat beberapa barang dan kabel yang tersebar di lantai, sehingga perlu diperhatikan potensi hambatan.",141932,,142053,
,indoor_001.webp,gemma_depth,,Ruangan ini tampak sebagai area santai dengan perabotan yang cukup padat. Terdapat beberapa kabel dan barang-barang kecil yang terlihat berserakan di lantai.,Sofa,kanan,indoor,,,,,,,,,,"Ruangan ini tampak sebagai area santai dengan perabotan yang cukup padat. Terdapat beberapa kabel dan barang-barang kecil yang terlihat berserakan di lantai. Berdasarkan estimasi kedalaman, bagian bawah-kanan merupakan area yang paling dekat dibanding area lain, meskipun masih berada pada kategori jarak sedang. Area bawah-kanan berpotensi menjadi halangan visual karena posisinya terbaca lebih dekat dibanding area lain. Area tengah tampak relatif lebih lapang.",111180,,112520,
,indoor_002.webp,gemma_only,,"Ruangan ini memiliki dinding berwarna krem dan lantai keramik putih. Rak hijau besar terlihat menempati sisi kiri, sementara area depan kanan tampak terdapat beberapa barang yang diletakkan.",rak hijau,kiri,indoor,,,,,,,,,,"Ruangan ini memiliki dinding berwarna krem dan lantai keramik putih. Rak hijau besar terlihat menempati sisi kiri, sementara area depan kanan tampak terdapat beberapa barang yang diletakkan.",122313,,122361,
,indoor_002.webp,gemma_depth,,Ruangan indoor ini tampak seperti ruang kerja atau gudang dengan rak besar sebagai fokus utama. Area depan terlihat cukup sibuk karena adanya tumpukan perlengkapan dan kabel.,Rak penyimpanan hijau-biru,kiri,indoor,,,,,,,,,,"Ruangan indoor ini tampak seperti ruang kerja atau gudang dengan rak besar sebagai fokus utama. Area depan terlihat cukup sibuk karena adanya tumpukan perlengkapan dan kabel. Berdasarkan estimasi kedalaman, bagian bawah-kanan merupakan area yang paling dekat dibanding area lain, meskipun masih berada pada kategori jarak sedang. Area bawah-kanan berpotensi menjadi halangan visual karena posisinya terbaca lebih dekat dibanding area lain. Area kiri tampak relatif lebih lapang.",108814,,110556,
,indoor_003.webp,gemma_only,,"Terlihat area kerja indoor dengan meja dan kursi kantor. Terdapat laptop yang diletakkan di atas meja, sementara kipas angin terlihat di bagian bawah gambar.",Meja kerja,tengah,indoor,,,,,,,,,,"Terlihat area kerja indoor dengan meja dan kursi kantor. Terdapat laptop yang diletakkan di atas meja, sementara kipas angin terlihat di bagian bawah gambar.",95487,,95547,
,indoor_003.webp,gemma_depth,,Ruangan ini tampak sebagai area kerja indoor dengan dinding berwarna krem. Sebuah kursi kantor terlihat berada dekat meja yang dilengkapi monitor dan kipas angin.,kursi kantor,tengah,indoor,,,,,,,,,,"Ruangan ini tampak sebagai area kerja indoor dengan dinding berwarna krem. Sebuah kursi kantor terlihat berada dekat meja yang dilengkapi monitor dan kipas angin. Berdasarkan estimasi kedalaman, bagian bawah-kiri merupakan area yang paling dekat dibanding area lain, meskipun masih berada pada kategori jarak sedang. Area bawah-kiri berpotensi menjadi halangan visual karena posisinya terbaca lebih dekat dibanding area lain. Area kanan tampak relatif lebih lapang.",111451,,112675,
,indoor_004.webp,gemma_only,,"Ruangan indoor ini terlihat memiliki banyak tumpukan pakaian dan barang yang menutupi area sisi kanan. Area depan tampak berantakan, sehingga terdapat potensi hambatan bagi pejalan kaki.",Pakaian yang tergantung dan tergeletak,kanan,indoor,,,,,,,,,,"Ruangan indoor ini terlihat memiliki banyak tumpukan pakaian dan barang yang menutupi area sisi kanan. Area depan tampak berantakan, sehingga terdapat potensi hambatan bagi pejalan kaki.",116284,,116334,
,indoor_004.webp,gemma_depth,,"Ruangan ini tampak sebagai area penyimpanan dengan dinding berwarna krem. Terdapat tumpukan pakaian, jaket, dan tas yang menutupi sebagian besar area depan kanan.",Pakaian dan barang,kanan,indoor,,,,,,,,,,"Ruangan ini tampak sebagai area penyimpanan dengan dinding berwarna krem. Terdapat tumpukan pakaian, jaket, dan tas yang menutupi sebagian besar area depan kanan. Berdasarkan estimasi kedalaman, bagian bawah-kanan merupakan area yang paling dekat dibanding area lain, meskipun masih berada pada kategori jarak sedang. Area bawah-kanan berpotensi menjadi halangan visual karena posisinya terbaca lebih dekat dibanding area lain. Area kiri tampak relatif lebih lapang.",108476,,109739,
,indoor_005.webp,gemma_only,,"Ini adalah lorong indoor sempit dengan area utilitas di bagian belakang. Terdapat kulkas besar di sisi kanan, serta beberapa rak penyimpanan yang terlihat.",Kulkas/Peralatan besar,kanan,indoor,,,,,,,,,,"Ini adalah lorong indoor sempit dengan area utilitas di bagian belakang. Terdapat kulkas besar di sisi kanan, serta beberapa rak penyimpanan yang terlihat.",114011,,114075,
,indoor_005.webp,gemma_depth,,"Ini adalah area dapur indoor yang tampak sempit. Terdapat kulkas besar sebagai objek utama, dengan beberapa botol dan peralatan terlihat di atasnya.",Kulkas,tengah,indoor,,,,,,,,,,"Ini adalah area dapur indoor yang tampak sempit. Terdapat kulkas besar sebagai objek utama, dengan beberapa botol dan peralatan terlihat di atasnya. Berdasarkan estimasi kedalaman, bagian tengah-kanan merupakan area yang paling dekat dibanding area lain, meskipun masih berada pada kategori jarak sedang. Area tengah-kanan berpotensi menjadi halangan visual karena posisinya terbaca lebih dekat dibanding area lain. Area tengah tampak relatif lebih lapang.",117033,,118849,
,indoor_006.webp,gemma_only,,"Area dapur terlihat sibuk dengan kompor gas yang sedang digunakan. Terdapat beberapa botol dan kotak di lantai, sehingga perlu diperhatikan potensi hambatan saat bergerak.",Kompor gas,tengah,indoor,,,,,,,,,,"Area dapur terlihat sibuk dengan kompor gas yang sedang digunakan. Terdapat beberapa botol dan kotak di lantai, sehingga perlu diperhatikan potensi hambatan saat bergerak.",118376,,118466,
,indoor_006.webp,gemma_depth,,"Area ini adalah dapur dengan kompor listrik diletakkan di atas meja keramik bermotif. Terdapat beberapa objek, termasuk botol air besar, dan tumpukan kotak di lantai yang kemungkinan menjadi hambatan.",Kompor gas listrik,tengah,indoor,,,,,,,,,,"Area ini adalah dapur dengan kompor listrik diletakkan di atas meja keramik bermotif. Terdapat beberapa objek, termasuk botol air besar, dan tumpukan kotak di lantai yang kemungkinan menjadi hambatan. Berdasarkan estimasi kedalaman, bagian bawah-kiri merupakan area yang paling dekat dibanding area lain, meskipun masih berada pada kategori jarak sedang. Area bawah-kiri berpotensi menjadi halangan visual karena posisinya terbaca lebih dekat dibanding area lain. Area kanan tampak relatif lebih lapang.",111597,,113195,
,indoor_007.webp,gemma_only,,"Area ini memiliki ubin dinding dan wastafel di sisi kiri. Sebuah pintu terlihat di sebelah kanan, dengan karpet merah diletakkan di depannya.",area kamar mandi/dapur kecil,tengah,indoor,,,,,,,,,,"Area ini memiliki ubin dinding dan wastafel di sisi kiri. Sebuah pintu terlihat di sebelah kanan, dengan karpet merah diletakkan di depannya.",113988,,114081,
,indoor_007.webp,gemma_depth,,"Area ini tampak seperti kamar mandi dengan dinding keramik bermotif. Di sisi kiri terdapat wastafel, sementara di kanan terlihat area bilik shower.",Kamar Mandi,tengah,indoor,,,,,,,,,,"Area ini tampak seperti kamar mandi dengan dinding keramik bermotif. Di sisi kiri terdapat wastafel, sementara di kanan terlihat area bilik shower. Berdasarkan estimasi kedalaman, bagian bawah-kanan merupakan area yang paling dekat dibanding area lain, meskipun masih berada pada kategori jarak sedang. Area bawah-kanan berpotensi menjadi halangan visual karena posisinya terbaca lebih dekat dibanding area lain. Area tengah tampak relatif lebih lapang.",102021,,103314,
,indoor_008.webp,gemma_only,,Ini adalah area kamar mandi yang dilapisi ubin. Bak mandi besar berwarna abu-abu terlihat menempati bagian depan ruangan.,Bak mandi abu-abu,depan,indoor,,,,,,,,,,Ini adalah area kamar mandi yang dilapisi ubin. Bak mandi besar berwarna abu-abu terlihat menempati bagian depan ruangan.,105825,,105903,
,indoor_008.webp,gemma_depth,,"Ini adalah area indoor yang tampak seperti kamar mandi dengan dinding keramik putih. Sebuah bak mandi abu-abu terlihat di sudut kiri bawah, dan terdapat pintu kayu di sisi kanan.",Bak mandi besar,kiri,indoor,,,,,,,,,,"Ini adalah area indoor yang tampak seperti kamar mandi dengan dinding keramik putih. Sebuah bak mandi abu-abu terlihat di sudut kiri bawah, dan terdapat pintu kayu di sisi kanan. Berdasarkan estimasi kedalaman, bagian tengah-kanan merupakan area yang paling dekat dibanding area lain, meskipun masih berada pada kategori jarak sedang. Area tengah-kanan berpotensi menjadi halangan visual karena posisinya terbaca lebih dekat dibanding area lain. Area kiri tampak relatif lebih lapang.",107546,,108948,
,indoor_009.webp,gemma_only,,"Terlihat kamar mandi dengan dinding keramik putih dan lantai berpola. Terdapat toilet, wastafel, serta bak mandi besar berwarna abu-abu yang menempati area depan.",Kamar Mandi,tengah,indoor,,,,,,,,,,"Terlihat kamar mandi dengan dinding keramik putih dan lantai berpola. Terdapat toilet, wastafel, serta bak mandi besar berwarna abu-abu yang menempati area depan.",105491,,105588,
,indoor_009.webp,gemma_depth,,Ini adalah ruangan kamar mandi dengan ubin putih dan pola geometris pada lantai. Terdapat ember besar di area depan yang mungkin menjadi hambatan.,Toilet,kanan,indoor,,,,,,,,,,"Ini adalah ruangan kamar mandi dengan ubin putih dan pola geometris pada lantai. Terdapat ember besar di area depan yang mungkin menjadi hambatan. Berdasarkan estimasi kedalaman, bagian bawah-kanan merupakan area yang paling dekat dibanding area lain, meskipun masih berada pada kategori jarak jauh. Area bawah-kanan tidak menunjukkan potensi halangan visual yang kuat karena masih berada pada kategori jarak jauh. Area tengah tampak relatif lebih lapang.",105239,,106558,
,indoor_010.webp,gemma_only,,"Area dapur ini memiliki dinding keramik bermotif dengan wastafel di bagian tengah. Beberapa panci logam terlihat menempati ruang di atas area kerja, berpotensi menghalangi akses.",wastafel,tengah,indoor,,,,,,,,,,"Area dapur ini memiliki dinding keramik bermotif dengan wastafel di bagian tengah. Beberapa panci logam terlihat menempati ruang di atas area kerja, berpotensi menghalangi akses.",113766,,113847,
,indoor_010.webp,gemma_depth,,"Area ini adalah area dapur dengan ubin bermotif. Wastafel berada di bagian depan, dikelilingi oleh berbagai peralatan masak yang terlihat di permukaan meja.",Wastafel dapur,tengah,indoor,,,,,,,,,,"Area ini adalah area dapur dengan ubin bermotif. Wastafel berada di bagian depan, dikelilingi oleh berbagai peralatan masak yang terlihat di permukaan meja. Berdasarkan estimasi kedalaman, bagian bawah-kanan merupakan area yang paling dekat dibanding area lain, meskipun masih berada pada kategori jarak sedang. Area bawah-kanan berpotensi menjadi halangan visual karena posisinya terbaca lebih dekat dibanding area lain. Area kiri tampak relatif lebih lapang.",97233,,98490,
,indoor_011.webp,gemma_only,,Terlihat ruangan indoor dengan dinding polos dan lantai keramik putih. Di sisi kanan terdapat area memasak yang dilengkapi kompor gas dan beberapa persediaan.,Area Dapur/Kompor,kanan,indoor,,,,,,,,,,Terlihat ruangan indoor dengan dinding polos dan lantai keramik putih. Di sisi kanan terdapat area memasak yang dilengkapi kompor gas dan beberapa persediaan.,114038,,114106,
,indoor_011.webp,gemma_depth,,"Terlihat sudut dapur dengan ubin bermotif pada dinding. Di sisi kanan terdapat kompor, wastafel, serta sebuah botol air besar yang tampak diletakkan dekat area tersebut.",Area Dapur,kanan,indoor,,,,,,,,,,"Terlihat sudut dapur dengan ubin bermotif pada dinding. Di sisi kanan terdapat kompor, wastafel, serta sebuah botol air besar yang tampak diletakkan dekat area tersebut. Berdasarkan estimasi kedalaman, bagian bawah-kiri merupakan area yang paling dekat dibanding area lain, meskipun masih berada pada kategori jarak sedang. Area bawah-kiri berpotensi menjadi halangan visual karena posisinya terbaca lebih dekat dibanding area lain. Area tengah tampak relatif lebih lapang.",100996,,102283,
,indoor_012.webp,gemma_only,,Terlihat sebuah perangkat elektronik diletakkan di atas kursi dekat dinding. Area ini tampak seperti lorong dengan pintu kayu yang terlihat di kejauhan.,Perangkat elektronik bayi/monitor,kiri,indoor,,,,,,,,,,Terlihat sebuah perangkat elektronik diletakkan di atas kursi dekat dinding. Area ini tampak seperti lorong dengan pintu kayu yang terlihat di kejauhan.,95718,,95781,
,indoor_012.webp,gemma_depth,,"Ruangan ini tampak seperti lorong indoor dengan lantai keramik. Di sisi kiri, terlihat alat suara bayi diletakkan dekat lemari yang memiliki kain dan buku di atasnya.",Alat Suara Bayi,kiri,indoor,,,,,,,,,,"Ruangan ini tampak seperti lorong indoor dengan lantai keramik. Di sisi kiri, terlihat alat suara bayi diletakkan dekat lemari yang memiliki kain dan buku di atasnya. Berdasarkan estimasi kedalaman, bagian bawah-kiri merupakan area yang paling dekat dibanding area lain, meskipun masih berada pada kategori jarak sedang. Area bawah-kiri berpotensi menjadi halangan visual karena posisinya terbaca lebih dekat dibanding area lain. Area kanan tampak relatif lebih lapang.",109874,,111132,
,indoor_013.webp,gemma_only,,"Ruangan ini memiliki lantai keramik dan didominasi oleh pintu kayu berwarna cokelat yang terletak di tengah. Di sisi kiri terlihat tirai hijau, sementara area di sekitarnya tampak bersih.",Pintu kayu cokelat,tengah,indoor,,,,,,,,,,"Ruangan ini memiliki lantai keramik dan didominasi oleh pintu kayu berwarna cokelat yang terletak di tengah. Di sisi kiri terlihat tirai hijau, sementara area di sekitarnya tampak bersih.",100545,,100611,
,indoor_013.webp,gemma_depth,,"Ruangan ini memiliki lantai keramik putih dan dinding berwarna terang. Di sisi kiri, tampak tirai hijau di samping pintu kayu cokelat.",Pintu kayu cokelat,tengah,indoor,,,,,,,,,,"Ruangan ini memiliki lantai keramik putih dan dinding berwarna terang. Di sisi kiri, tampak tirai hijau di samping pintu kayu cokelat. Berdasarkan estimasi kedalaman, bagian bawah-kanan merupakan area yang paling dekat dibanding area lain, meskipun masih berada pada kategori jarak jauh. Area bawah-kanan tidak menunjukkan potensi halangan visual yang kuat karena masih berada pada kategori jarak jauh. Area kiri tampak relatif lebih lapang.",101787,,103021,
,indoor_014.webp,gemma_only,,Terlihat sebuah bangku dengan beberapa barang diletakkan di atasnya. Terdapat potensi hambatan berupa tas dan sampah yang tersebar di area depan dekat kaki bangku.,bangku berlapis,tengah,indoor,,,,,,,,,,Terlihat sebuah bangku dengan beberapa barang diletakkan di atasnya. Terdapat potensi hambatan berupa tas dan sampah yang tersebar di area depan dekat kaki bangku.,100539,,100602,
,indoor_014.webp,gemma_depth,,"Tampak sebuah area dengan bench dan kipas angin yang digunakan untuk penyimpanan atau istirahat. Terdapat beberapa tas dan gundukan pakaian yang tersebar, kemungkinan menjadi hambatan pergerakan.",bench/sofa kecil,tengah,indoor,,,,,,,,,,"Tampak sebuah area dengan bench dan kipas angin yang digunakan untuk penyimpanan atau istirahat. Terdapat beberapa tas dan gundukan pakaian yang tersebar, kemungkinan menjadi hambatan pergerakan. Berdasarkan estimasi kedalaman, bagian tengah-kiri merupakan area yang paling dekat dibanding area lain, meskipun masih berada pada kategori jarak sedang. Area tengah-kiri berpotensi menjadi halangan visual karena posisinya terbaca lebih dekat dibanding area lain. Area kanan tampak relatif lebih lapang.",104766,,106118,
,indoor_015.webp,gemma_only,,"Ruangan ini memiliki dinding berwarna terang dan lantai keramik. Terdapat koper besar serta tumpukan sepatu yang terlihat di area depan, dekat tirai hijau.",Koper hitam besar,kiri,indoor,,,,,,,,,,"Ruangan ini memiliki dinding berwarna terang dan lantai keramik. Terdapat koper besar serta tumpukan sepatu yang terlihat di area depan, dekat tirai hijau.",87681,,87751,
,indoor_015.webp,gemma_depth,,"Terlihat sebuah koper hitam diletakkan di lantai dekat dinding. Di sisi kanan, terdapat gorden hijau tebal dan beberapa pasang sepatu yang tersusun.",Koper hitam besar,kiri,indoor,,,,,,,,,,"Terlihat sebuah koper hitam diletakkan di lantai dekat dinding. Di sisi kanan, terdapat gorden hijau tebal dan beberapa pasang sepatu yang tersusun. Berdasarkan estimasi kedalaman, bagian tengah-kiri merupakan area yang paling dekat dibanding area lain, meskipun masih berada pada kategori jarak sedang. Area tengah-kiri berpotensi menjadi halangan visual karena posisinya terbaca lebih dekat dibanding area lain. Area kanan tampak relatif lebih lapang.",94806,,96081,
,indoor_016.webp,gemma_only,,"Terlihat sebuah lemari pajangan tinggi di sisi kanan ruangan, dipenuhi berbagai piring bergambar karakter. Di sisi kiri tampak sebagian tempat tidur dengan seprai bermotif.",Lemari pajangan berisi piring dekoratif,kanan,indoor,,,,,,,,,,"Terlihat sebuah lemari pajangan tinggi di sisi kanan ruangan, dipenuhi berbagai piring bergambar karakter. Di sisi kiri tampak sebagian tempat tidur dengan seprai bermotif.",114642,,114736,
,indoor_016.webp,gemma_depth,,"Di sisi kiri terlihat sebagian tempat tidur dengan sarung bermotif. Di tengah, terdapat rak bertingkat berisi gambar karakter kartun berwarna-warni.",Rak dekoratif bertingkat,tengah,indoor,,,,,,,,,,"Di sisi kiri terlihat sebagian tempat tidur dengan sarung bermotif. Di tengah, terdapat rak bertingkat berisi gambar karakter kartun berwarna-warni. Berdasarkan estimasi kedalaman, bagian tengah-kanan merupakan area yang paling dekat dibanding area lain, meskipun masih berada pada kategori jarak sedang. Area tengah-kanan berpotensi menjadi halangan visual karena posisinya terbaca lebih dekat dibanding area lain. Area kiri tampak relatif lebih lapang.",107848,,109124,
,indoor_017.webp,gemma_only,,"Terlihat sebuah area kerja indoor dengan dua monitor komputer yang menampilkan antarmuka pemrograman. Meja tampak cukup sibuk dengan berbagai peralatan, namun secara keseluruhan berfungsi sebagai stasiun kerja.",Meja Kerja Komputer,tengah,indoor,,,,,,,,,,"Terlihat sebuah area kerja indoor dengan dua monitor komputer yang menampilkan antarmuka pemrograman. Meja tampak cukup sibuk dengan berbagai peralatan, namun secara keseluruhan berfungsi sebagai stasiun kerja.",93240,,93305,
,indoor_017.webp,gemma_depth,,"Terlihat sebuah area kerja indoor yang dilengkapi dengan beberapa monitor komputer. Terdapat berbagai perangkat periferal, termasuk keyboard dan peralatan audio, serta dokumen di sisi kiri.",Meja kerja dengan monitor komputer,tengah,indoor,,,,,,,,,,"Terlihat sebuah area kerja indoor yang dilengkapi dengan beberapa monitor komputer. Terdapat berbagai perangkat periferal, termasuk keyboard dan peralatan audio, serta dokumen di sisi kiri. Berdasarkan estimasi kedalaman, bagian tengah-kanan merupakan area yang paling dekat dibanding area lain, meskipun masih berada pada kategori jarak sedang. Area tengah-kanan berpotensi menjadi halangan visual karena posisinya terbaca lebih dekat dibanding area lain. Area kiri tampak relatif lebih lapang.",94772,,96047,
,indoor_018.webp,gemma_only,,"Ruangan ini memiliki dinding keramik bermotif dan lantai yang bersih. Di sisi kiri terlihat wastafel, sementara di area tengah terdapat karpet dan tempat sampah.",Area Kamar Mandi,tengah,indoor,,,,,,,,,,"Ruangan ini memiliki dinding keramik bermotif dan lantai yang bersih. Di sisi kiri terlihat wastafel, sementara di area tengah terdapat karpet dan tempat sampah.",112720,,112787,
,indoor_018.webp,gemma_depth,,"Area ini tampak seperti kamar mandi dengan dinding berubin. Di lantai terdapat karpet dan tempat sampah, yang mungkin menjadi potensi hambatan.",wastafel,kiri,indoor,,,,,,,,,,"Area ini tampak seperti kamar mandi dengan dinding berubin. Di lantai terdapat karpet dan tempat sampah, yang mungkin menjadi potensi hambatan. Berdasarkan estimasi kedalaman, bagian bawah-kiri merupakan area yang paling dekat dibanding area lain, meskipun masih berada pada kategori jarak sedang. Area bawah-kiri berpotensi menjadi halangan visual karena posisinya terbaca lebih dekat dibanding area lain. Area tengah tampak relatif lebih lapang.",103484,,104823,
,indoor_019.webp,gemma_only,,"Area indoor ini menampilkan sebuah kabinet abu-abu besar di sisi kanan. Permukaan kabinet tampak berisi berbagai objek dan tumpukan barang, sehingga menimbulkan potensi hambatan.",Kabinet/Meja Penyimpanan,kanan,indoor,,,,,,,,,,"Area indoor ini menampilkan sebuah kabinet abu-abu besar di sisi kanan. Permukaan kabinet tampak berisi berbagai objek dan tumpukan barang, sehingga menimbulkan potensi hambatan.",121036,,121100,
,indoor_019.webp,gemma_depth,,"Area ini tampak seperti ruang penyimpanan dengan lantai keramik. Terdapat berbagai barang, termasuk botol air dan tas belanja, yang diletakkan di atas kabinet.",Kabinet penyimpanan abu-abu,kanan,indoor,,,,,,,,,,"Area ini tampak seperti ruang penyimpanan dengan lantai keramik. Terdapat berbagai barang, termasuk botol air dan tas belanja, yang diletakkan di atas kabinet. Berdasarkan estimasi kedalaman, bagian tengah-kanan merupakan area yang paling dekat dibanding area lain, meskipun masih berada pada kategori jarak sedang. Area tengah-kanan berpotensi menjadi halangan visual karena posisinya terbaca lebih dekat dibanding area lain. Area kiri tampak relatif lebih lapang.",109128,,110377,
,indoor_020.webp,gemma_only,,Terlihat area dapur dengan kompor gas di atas meja keramik. Beberapa panci dan peralatan masak tampak berada di dekat sumber panas.,Kompor gas,tengah,indoor,,,,,,,,,,Terlihat area dapur dengan kompor gas di atas meja keramik. Beberapa panci dan peralatan masak tampak berada di dekat sumber panas.,99366,,99442,
,indoor_020.webp,gemma_depth,,Terlihat sebuah kompor gas diletakkan di atas meja dapur yang dilapisi keramik. Di sekitarnya terdapat berbagai peralatan masak dan botol-botol.,Kompor gas,tengah,indoor,,,,,,,,,,"Terlihat sebuah kompor gas diletakkan di atas meja dapur yang dilapisi keramik. Di sekitarnya terdapat berbagai peralatan masak dan botol-botol. Berdasarkan estimasi kedalaman, bagian bawah-kiri merupakan area yang paling dekat dibanding area lain, meskipun masih berada pada kategori jarak sedang. Area bawah-kiri berpotensi menjadi halangan visual karena posisinya terbaca lebih dekat dibanding area lain. Area kanan tampak relatif lebih lapang.",98518,,99823,
,indoor_021.webp,gemma_only,,"Area ini tampak seperti kamar mandi dengan dinding berubin motif. Di sisi kanan, terlihat pintu menuju ruangan lain yang terdapat tempat sampah.",wastafel,tengah,indoor,,,,,,,,,,"Area ini tampak seperti kamar mandi dengan dinding berubin motif. Di sisi kanan, terlihat pintu menuju ruangan lain yang terdapat tempat sampah.",101418,,101499,
,indoor_021.webp,gemma_depth,,"Area ini tampak seperti kamar mandi dengan ubin bermotif. Di bagian depan terlihat wastafel dan perlengkapan kebersihan, sementara di latar belakang terdapat pintu menuju ruangan lain.",wastafel,tengah,indoor,,,,,,,,,,"Area ini tampak seperti kamar mandi dengan ubin bermotif. Di bagian depan terlihat wastafel dan perlengkapan kebersihan, sementara di latar belakang terdapat pintu menuju ruangan lain. Berdasarkan estimasi kedalaman, bagian bawah-kiri merupakan area yang paling dekat dibanding area lain, meskipun masih berada pada kategori jarak dekat. Area bawah-kiri berpotensi menjadi halangan visual karena posisinya terbaca lebih dekat dibanding area lain. Area kanan tampak relatif lebih lapang.",90637,,91911,
,indoor_022.webp,gemma_only,,"Terlihat lorong interior yang bersih dengan lantai keramik putih. Di ujung koridor, terdapat pintu kayu berwarna cokelat.",Lorong/Koridor,tengah,indoor,,,,,,,,,,"Terlihat lorong interior yang bersih dengan lantai keramik putih. Di ujung koridor, terdapat pintu kayu berwarna cokelat.",95965,,96026,
,indoor_022.webp,gemma_depth,,"Tampak sebuah lorong dengan lantai keramik putih yang bersih. Di ujung lorong, terlihat pintu kayu berwarna cokelat yang tertutup.",Lorong/Koridor,tengah,indoor,,,,,,,,,,"Tampak sebuah lorong dengan lantai keramik putih yang bersih. Di ujung lorong, terlihat pintu kayu berwarna cokelat yang tertutup. Berdasarkan estimasi kedalaman, bagian tengah-kiri merupakan area yang paling dekat dibanding area lain, meskipun masih berada pada kategori jarak sedang. Area tengah-kiri berpotensi menjadi halangan visual karena posisinya terbaca lebih dekat dibanding area lain. Area tengah tampak relatif lebih lapang.",92727,,93970,
,indoor_023.webp,gemma_only,,"Terlihat sebuah ruangan dengan pintu kayu cokelat yang besar mendominasi sisi kanan. Di dinding sebelah kiri, tampak tangga kecil serta sosok yang terlihat melalui bukaan.",Pintu kayu cokelat besar,kanan,indoor,,,,,,,,,,"Terlihat sebuah ruangan dengan pintu kayu cokelat yang besar mendominasi sisi kanan. Di dinding sebelah kiri, tampak tangga kecil serta sosok yang terlihat melalui bukaan.",108128,,108194,
,indoor_023.webp,gemma_depth,,Ruangan ini tampak bersih dengan dominasi pintu kayu besar di sisi kanan. Di dinding sebelah kiri terlihat tangga lipat yang mungkin menjadi potensi hambatan saat bergerak.,Pintu kayu cokelat,kanan,indoor,,,,,,,,,,"Ruangan ini tampak bersih dengan dominasi pintu kayu besar di sisi kanan. Di dinding sebelah kiri terlihat tangga lipat yang mungkin menjadi potensi hambatan saat bergerak. Berdasarkan estimasi kedalaman, bagian bawah-kiri merupakan area yang paling dekat dibanding area lain, meskipun masih berada pada kategori jarak jauh. Area bawah-kiri tidak menunjukkan potensi halangan visual yang kuat karena masih berada pada kategori jarak jauh. Area kanan tampak relatif lebih lapang.",114811,,116216,
,indoor_024.webp,gemma_only,,"Terlihat ruangan dengan lantai keramik dan pintu kayu besar di sisi kiri. Di area kanan bawah, terdapat tumpukan barang dan peralatan yang kemungkinan menjadi hambatan.",Pintu kayu cokelat besar,kiri,indoor,,,,,,,,,,"Terlihat ruangan dengan lantai keramik dan pintu kayu besar di sisi kiri. Di area kanan bawah, terdapat tumpukan barang dan peralatan yang kemungkinan menjadi hambatan.",112395,,112465,
,indoor_024.webp,gemma_depth,,"Ruangan ini memiliki dinding putih dan lantai keramik yang bersih. Pintu kayu cokelat besar tampak mendominasi sisi kiri, sementara beberapa barang tersimpan di area depan kanan.",Pintu kayu cokelat besar,kiri,indoor,,,,,,,,,,"Ruangan ini memiliki dinding putih dan lantai keramik yang bersih. Pintu kayu cokelat besar tampak mendominasi sisi kiri, sementara beberapa barang tersimpan di area depan kanan. Berdasarkan estimasi kedalaman, bagian bawah-kanan merupakan area yang paling dekat dibanding area lain, meskipun masih berada pada kategori jarak sedang. Area bawah-kanan berpotensi menjadi halangan visual karena posisinya terbaca lebih dekat dibanding area lain. Area kiri tampak relatif lebih lapang.",102773,,104335,
,indoor_025.webp,gemma_only,,"Terlihat sebuah meja kerja dengan monitor dan keyboard yang diletakkan di area kiri. Di sisi kanan, terdapat kursi kantor besar yang kemungkinan menjadi hambatan pergerakan.",Meja komputer,kiri,indoor,,,,,,,,,,"Terlihat sebuah meja kerja dengan monitor dan keyboard yang diletakkan di area kiri. Di sisi kanan, terdapat kursi kantor besar yang kemungkinan menjadi hambatan pergerakan.",89109,,89180,
,indoor_025.webp,gemma_depth,,"Terlihat sebuah meja kerja hitam dengan peralatan komputer di area kiri. Di sisi kanan, terdapat kursi/stool berwarna putih yang kemungkinan menjadi hambatan pergerakan.",Komputer dan meja kerja,kiri,indoor,,,,,,,,,,"Terlihat sebuah meja kerja hitam dengan peralatan komputer di area kiri. Di sisi kanan, terdapat kursi/stool berwarna putih yang kemungkinan menjadi hambatan pergerakan. Berdasarkan estimasi kedalaman, bagian bawah-kiri merupakan area yang paling dekat dibanding area lain, meskipun masih berada pada kategori jarak sedang. Area bawah-kiri berpotensi menjadi halangan visual karena posisinya terbaca lebih dekat dibanding area lain. Area kanan tampak relatif lebih lapang.",100046,,101305,
,indoor_026.webp,gemma_only,,"Terlihat sebuah koper besar diletakkan di lantai keramik. Di sampingnya, terdapat tumpukan sepatu dan pakaian yang kemungkinan menjadi hambatan pergerakan.",Koper besar berwarna gelap,kanan,indoor,,,,,,,,,,"Terlihat sebuah koper besar diletakkan di lantai keramik. Di sampingnya, terdapat tumpukan sepatu dan pakaian yang kemungkinan menjadi hambatan pergerakan.",95919,,95985,
,indoor_026.webp,gemma_depth,,"Sebuah koper besar diletakkan menempel pada dinding, dengan tumpukan berbagai sepatu dan kain terlihat di sampingnya. Penataan barang ini kemungkinan dapat menjadi hambatan jika area tersebut digunakan untuk lalu lintas.",Koper besar berwarna gelap,kanan,indoor,,,,,,,,,,"Sebuah koper besar diletakkan menempel pada dinding, dengan tumpukan berbagai sepatu dan kain terlihat di sampingnya. Penataan barang ini kemungkinan dapat menjadi hambatan jika area tersebut digunakan untuk lalu lintas. Berdasarkan estimasi kedalaman, bagian bawah-kanan merupakan area yang paling dekat dibanding area lain, meskipun masih berada pada kategori jarak sedang. Area bawah-kanan berpotensi menjadi halangan visual karena posisinya terbaca lebih dekat dibanding area lain. Area tengah tampak relatif lebih lapang.",93510,,94813,
,indoor_027.webp,gemma_only,,"Sebuah kipas angin berdiri terlihat di sisi kanan ruangan. Di area depan kiri, terdapat tumpukan tas dan kotak yang diletakkan di atas meja kayu.",Kipas angin berdiri,kanan,indoor,,,,,,,,,,"Sebuah kipas angin berdiri terlihat di sisi kanan ruangan. Di area depan kiri, terdapat tumpukan tas dan kotak yang diletakkan di atas meja kayu.",97209,,97280,
,indoor_027.webp,gemma_depth,,"Sebuah kipas angin berdiri terlihat menempati sisi kanan ruangan. Di area depan kiri, terdapat meja kayu yang tampak berisi beberapa tas dan kotak kardus.",Kipas angin berdiri,kanan,indoor,,,,,,,,,,"Sebuah kipas angin berdiri terlihat menempati sisi kanan ruangan. Di area depan kiri, terdapat meja kayu yang tampak berisi beberapa tas dan kotak kardus. Berdasarkan estimasi kedalaman, bagian tengah-kiri merupakan area yang paling dekat dibanding area lain, meskipun masih berada pada kategori jarak sedang. Area tengah-kiri berpotensi menjadi halangan visual karena posisinya terbaca lebih dekat dibanding area lain. Area kanan tampak relatif lebih lapang.",90090,,91282,
,indoor_028.webp,gemma_only,,"Meja kerja ini menampilkan setup komputer dengan dua monitor dan keyboard yang diletakkan di tengah. Di sebelah kiri terlihat headset atau mikrofon, sementara area depan tampak rapi.",Monitor Komputer Utama,tengah,indoor,,,,,,,,,,"Meja kerja ini menampilkan setup komputer dengan dua monitor dan keyboard yang diletakkan di tengah. Di sebelah kiri terlihat headset atau mikrofon, sementara area depan tampak rapi.",103612,,103672,
,indoor_028.webp,gemma_depth,,Terlihat sebuah setup komputer yang terdiri dari dua layar monitor dan berbagai periferal diletakkan di atas meja. Area ini tampak berfungsi sebagai ruang kerja pribadi.,Setup Komputer/Meja Kerja,tengah,indoor,,,,,,,,,,"Terlihat sebuah setup komputer yang terdiri dari dua layar monitor dan berbagai periferal diletakkan di atas meja. Area ini tampak berfungsi sebagai ruang kerja pribadi. Berdasarkan estimasi kedalaman, bagian bawah-kanan merupakan area yang paling dekat dibanding area lain, meskipun masih berada pada kategori jarak sedang. Area bawah-kanan berpotensi menjadi halangan visual karena posisinya terbaca lebih dekat dibanding area lain. Area kiri tampak relatif lebih lapang.",109613,,110884,
,indoor_029.webp,gemma_only,,Sebuah kursi kantor dengan sandaran jaring terlihat di tengah ruangan. Di latar belakang terdapat lemari penyimpanan berwarna biru dan sofa bermotif.,Kursi kantor,tengah,indoor,,,,,,,,,,Sebuah kursi kantor dengan sandaran jaring terlihat di tengah ruangan. Di latar belakang terdapat lemari penyimpanan berwarna biru dan sofa bermotif.,95293,,95381,
,indoor_029.webp,gemma_depth,,Gambar ini menampilkan kursi kantor yang diletakkan di ruangan indoor. Di latar belakang terlihat lemari penyimpanan berwarna biru serta karpet bermotif di area lantai.,Kursi kantor,tengah,indoor,,,,,,,,,,"Gambar ini menampilkan kursi kantor yang diletakkan di ruangan indoor. Di latar belakang terlihat lemari penyimpanan berwarna biru serta karpet bermotif di area lantai. Berdasarkan estimasi kedalaman, bagian bawah-tengah merupakan area yang paling dekat dibanding area lain, meskipun masih berada pada kategori jarak sedang. Area bawah-tengah berpotensi menjadi halangan visual karena posisinya terbaca lebih dekat dibanding area lain. Area kanan tampak relatif lebih lapang.",99272,,100532,
,indoor_030.webp,gemma_only,,"Sebuah pintu kayu berpanel vertikal mendominasi pandangan ruangan. Di sisi kiri, tampak beberapa kabel tergeletak di dekat dinding.",Pintu kayu cokelat,tengah,indoor,,,,,,,,,,"Sebuah pintu kayu berpanel vertikal mendominasi pandangan ruangan. Di sisi kiri, tampak beberapa kabel tergeletak di dekat dinding.",94075,,94141,
,indoor_030.webp,gemma_depth,,Terdapat sebuah pintu kayu berwarna cokelat yang terlihat kokoh dan berada di tengah ruangan. Pintu ini tampak mengarah ke area lorong atau kamar lain.,Pintu kayu cokelat,tengah,indoor,,,,,,,,,,"Terdapat sebuah pintu kayu berwarna cokelat yang terlihat kokoh dan berada di tengah ruangan. Pintu ini tampak mengarah ke area lorong atau kamar lain. Berdasarkan estimasi kedalaman, bagian tengah-kanan merupakan area yang paling dekat dibanding area lain, meskipun masih berada pada kategori jarak sedang. Area tengah-kanan berpotensi menjadi halangan visual karena posisinya terbaca lebih dekat dibanding area lain. Area tengah tampak relatif lebih lapang.",104078,,105322,
2026-07-05T02:50:52.899012+00:00,2149155756.jpg,gemma_depth_prompted,,"Tampak dua tanaman pot diletakkan di dekat tangga, dengan area tengah terlihat relatif lapang. Lantai ditutupi karpet bertekstur yang membentang di depan struktur dinding dan tangga.",tanaman pot,tengah,indoor,,,,,,,,,,"Tampak dua tanaman pot diletakkan di dekat tangga, dengan area tengah terlihat relatif lapang. Lantai ditutupi karpet bertekstur yang membentang di depan struktur dinding dan tangga.",122573,,124286,
2026-07-05T03:03:29.975629+00:00,2149155756.jpg,gemma_depth,,Terlihat serangkaian tangga modern dengan beberapa pot tanaman diletakkan di depannya. Penataan ini memberikan sentuhan alami pada interior ruangan.,Tanaman dalam pot,tengah,indoor,,,,,,,,,,"Terlihat serangkaian tangga modern dengan beberapa pot tanaman diletakkan di depannya. Penataan ini memberikan sentuhan alami pada interior ruangan. Berdasarkan estimasi kedalaman relatif, bagian bawah-kanan merupakan area yang paling dekat dibanding area lain, dengan kategori kedalaman relatif sedang. Area bawah-kanan berpotensi menjadi halangan visual karena posisinya terbaca lebih dekat dibanding area lain. Area tengah tampak relatif lebih lapang.",103661,,104489,
2026-07-05T03:23:15.070133+00:00,2149155756.jpg,gemma_only,,"Area indoor ini menampilkan tangga modern dengan dekorasi tanaman pot yang diletakkan di samping dinding. Tanaman tersebut tampak menjadi fokus utama, memberikan sentuhan hijau pada ruangan.",Tanaman pot,tengah,indoor,,,,,,,,,,"Area indoor ini menampilkan tangga modern dengan dekorasi tanaman pot yang diletakkan di samping dinding. Tanaman tersebut tampak menjadi fokus utama, memberikan sentuhan hijau pada ruangan.",86269,,86294,
2026-07-05T03:23:16.006834+00:00,2149155756.jpg,depth_only,,,,,,,,,,,,,,,"Berdasarkan estimasi kedalaman relatif, bagian bawah-kanan merupakan area yang paling dekat dibanding area lain, dengan kategori kedalaman relatif sedang. Area bawah-kanan berpotensi menjadi halangan visual karena posisinya terbaca lebih dekat dibanding area lain. Area tengah tampak relatif lebih lapang.",0,,870,
2026-07-05T03:24:52.500147+00:00,2149155756.jpg,gemma_depth,,"Sebuah tanaman hijau diletakkan di atas stand anyaman di depan dinding dengan deretan tangga. Area ini tampak rapi, namun anak tangga merupakan potensi hambatan yang perlu diperhatikan.",Tanaman pot,tengah,indoor,,,,,,,,,,"Sebuah tanaman hijau diletakkan di atas stand anyaman di depan dinding dengan deretan tangga. Area ini tampak rapi, namun anak tangga merupakan potensi hambatan yang perlu diperhatikan. Berdasarkan estimasi kedalaman relatif, bagian bawah-kanan merupakan area yang paling dekat dibanding area lain, dengan kategori kedalaman relatif sedang. Area bawah-kanan berpotensi menjadi halangan visual karena posisinya terbaca lebih dekat dibanding area lain. Area tengah tampak relatif lebih lapang.",95618,,96439,
2026-07-05T03:26:46.131847+00:00,2149155756.jpg,gemma_depth_prompted,,"Terlihat sebuah area dalam dengan tangga di sisi kiri. Di bagian tengah depan, tampak terdapat dua tanaman pot yang diletakkan pada ruang yang relatif lapang.",tanaman pot besar,tengah,indoor,,,,,,,,,,"Terlihat sebuah area dalam dengan tangga di sisi kiri. Di bagian tengah depan, tampak terdapat dua tanaman pot yang diletakkan pada ruang yang relatif lapang.",112696,,113570,
2026-07-05T11:31:59.102805+00:00,indoor_015.webp,gemma_only,,"Ruangan ini memiliki lantai keramik dan dinding polos. Di sisi kiri terdapat koper besar, sementara tumpukan berbagai jenis sepatu terlihat di area tengah-kanan.",Koper hitam besar,kiri,indoor,,,,,,,,,,"Ruangan ini memiliki lantai keramik dan dinding polos. Di sisi kiri terdapat koper besar, sementara tumpukan berbagai jenis sepatu terlihat di area tengah-kanan.",112709,,112777,
2026-07-05T11:32:00.971723+00:00,indoor_015.webp,depth_only,,,,,,,,,,,,,,,"Berdasarkan estimasi kedalaman relatif, bagian tengah-kiri merupakan area yang paling dekat dibanding area lain, dengan kategori kedalaman relatif sedang. Area tengah-kiri berpotensi menjadi halangan visual karena posisinya terbaca lebih dekat dibanding area lain. Area kanan tampak relatif lebih lapang.",0,,1750,
2026-07-05T11:34:05.996596+00:00,indoor_015.webp,gemma_depth,,"Ruangan ini memiliki dinding polos dan lantai keramik putih. Di sisi kiri terlihat koper besar, sementara di kanan terdapat tumpukan sepatu dekat tirai hijau.",Koper hitam,kiri,indoor,,,,,,,,,,"Ruangan ini memiliki dinding polos dan lantai keramik putih. Di sisi kiri terlihat koper besar, sementara di kanan terdapat tumpukan sepatu dekat tirai hijau. Berdasarkan estimasi kedalaman relatif, bagian tengah-kiri merupakan area yang paling dekat dibanding area lain, dengan kategori kedalaman relatif sedang. Area tengah-kiri berpotensi menjadi halangan visual karena posisinya terbaca lebih dekat dibanding area lain. Area kanan tampak relatif lebih lapang.",124031,,124933,
2026-07-05T11:36:15.700395+00:00,indoor_015.webp,gemma_depth_prompted,,"Sebuah koper hitam besar terlihat menempel pada dinding di sisi kiri ruangan. Di area tengah-kanan, terdapat sekumpulan sepatu yang tampak diletakkan di lantai, sementara area depan secara relatif terbuka.",koper,kiri,indoor,,,,,,,,,,"Sebuah koper hitam besar terlihat menempel pada dinding di sisi kiri ruangan. Di area tengah-kanan, terdapat sekumpulan sepatu yang tampak diletakkan di lantai, sementara area depan secara relatif terbuka.",128478,,129603,
2026-07-05T11:40:29.969628+00:00,indoor_015.webp,gemma_only,,"Terlihat area indoor dengan lantai keramik dan tirai hijau di sisi kanan. Di sisi kiri terdapat koper besar, sementara di dekat dinding terlihat tumpukan sepatu.",Koper hitam besar,kiri,indoor,,,,,,,,,,"Terlihat area indoor dengan lantai keramik dan tirai hijau di sisi kanan. Di sisi kiri terdapat koper besar, sementara di dekat dinding terlihat tumpukan sepatu.",93870,,93958,
2026-07-20T19:35:37.480510+00:00,gambar-kamera.jpg,gemma_depth,,Gambar menunjukkan tampilan layar monitor komputer di atas permukaan meja. Terdapat keyboard dan bagian dari perangkat keras lainnya yang terlihat di latar depan.,Monitor komputer,tengah,indoor,,,,,,,,,,"Gambar menunjukkan tampilan layar monitor komputer di atas permukaan meja. Terdapat keyboard dan bagian dari perangkat keras lainnya yang terlihat di latar depan. Berdasarkan grid depth 3x3, region bawah-tengah memiliki kategori kedalaman relatif dekat dibanding region lain dalam citra dan menunjukkan potensi halangan visual pada region tersebut.",8505,,9196,
2026-07-22T03:03:09.365496+00:00,1 (31).jpg,hybrid_fusion,,Gambar ini menampilkan interior ruangan yang dipenuhi dengan rak-rak pajangan berisi berbagai produk kemasan. Informasi kedalaman menunjukkan bahwa objek terdekat berada pada jarak 201.3 cm dari sensor.,tidak_diketahui,tidak_diketahui,tidak_diketahui,,,,,,,,,,Gambar ini menampilkan interior ruangan yang dipenuhi dengan rak-rak pajangan berisi berbagai produk kemasan. Informasi kedalaman menunjukkan bahwa objek terdekat berada pada jarak 201.3 cm dari sensor.,74330,,76020,
2026-07-22T03:12:18.446612+00:00,gambar-kamera.jpg,hybrid_fusion,,"Gambar ini menampilkan sebuah pemandangan dengan komposisi horizontal yang didominasi oleh permukaan datar. Gambar kedua, depth map, menunjukkan perbedaan kedalaman antara objek-objek dalam adegan tersebut.",tidak_diketahui,tidak_diketahui,tidak_diketahui,,,,,,,,,,"Gambar ini menampilkan sebuah pemandangan dengan komposisi horizontal yang didominasi oleh permukaan datar. Gambar kedua, depth map, menunjukkan perbedaan kedalaman antara objek-objek dalam adegan tersebut.",56007,,56785,
2026-07-22T03:38:16.823013+00:00,1 (31).jpg,hybrid_fusion,,"Gambar ini menampilkan beberapa rak penyimpanan yang penuh dengan berbagai produk. Rak-rak tersebut diisi dengan botol, kotak, dan wadah berwarna-warni. Keseluruhan pemandangan menunjukkan tumpukan barang dalam lingkungan interior.",tidak_diketahui,tidak_diketahui,tidak_diketahui,,,,,,,,,,"Gambar ini menampilkan beberapa rak penyimpanan yang penuh dengan berbagai produk. Rak-rak tersebut diisi dengan botol, kotak, dan wadah berwarna-warni. Keseluruhan pemandangan menunjukkan tumpukan barang dalam lingkungan interior.",47946,,49674,
2026-07-22T05:52:30.162981+00:00,gambar-kamera.jpg,hybrid_fusion,hybrid_fusion,Scene ini menampilkan permukaan datar dan struktur vertikal di dalamnya. Terdapat kontras antara area horizontal dan elemen tegak lurus dalam bingkai gambar. Keseluruhan tampilan menunjukkan sebuah interior sederhana.,tidak_diketahui,tidak_diketahui,tidak_diketahui,,,,,,,0.48,,,Dinding tampak sebagai objek terdekat. Scene ini menampilkan permukaan datar dan struktur vertikal di dalamnya. Terdapat kontras antara area horizontal dan elemen tegak lurus dalam bingkai gambar. Keseluruhan tampilan menunjukkan sebuah interior sederhana.,66600,,67401,
2026-07-22T06:56:36.509211+00:00,gambar-kamera.jpg,hybrid_fusion,hybrid_fusion,Gambar ini menampilkan sebuah permukaan datar yang mendominasi latar belakang. Terdapat objek lain di bagian depan yang membentuk kontur gelap pada permukaan tersebut. Keseluruhan pemandangan didominasi oleh gradasi abu-abu dan putih.,tidak_diketahui,tidak_diketahui,tidak_diketahui,,,,,,,0.94,,,Gambar ini menampilkan sebuah permukaan datar yang mendominasi latar belakang. Terdapat objek lain di bagian depan yang membentuk kontur gelap pada permukaan tersebut. Keseluruhan pemandangan didominasi oleh gradasi abu-abu dan putih.,63351,,64303,
2026-07-22T07:19:33.725717+00:00,44dceb747db742bfb9f4c743df9a19e0.jpg,hybrid_fusion,hybrid_fusion,Gambar ini menampilkan latar belakang yang polos dan terang. Di bagian bawah terdapat objek berbentuk persegi panjang berwarna gelap. Keseluruhan pemandangan memberikan kesan minimalis dan sederhana.,tidak_diketahui,tidak_diketahui,tidak_diketahui,,,,,,,,,,Objek persegi panjang gelap tampak sebagai objek terdekat. Gambar ini menampilkan latar belakang yang polos dan terang. Di bagian bawah terdapat objek berbentuk persegi panjang berwarna gelap. Keseluruhan pemandangan memberikan kesan minimalis dan sederhana.,97285,,99376,
2026-07-22T07:38:52.654090+00:00,gambar-kamera.jpg,hybrid_fusion,hybrid_fusion,Sebuah objek gelap tampak di latar depan dengan latar belakang yang terang. Kedalaman objek memberikan informasi spasial mengenai posisi objek dalam pandangan.,tidak_diketahui,tidak_diketahui,tidak_diketahui,,,,,,,0.33,,,Permukaan lantai tampak sebagai objek terdekat. Sebuah objek gelap tampak di latar depan dengan latar belakang yang terang. Kedalaman objek memberikan informasi spasial mengenai posisi objek dalam pandangan.,62884,,63570,
2026-07-22T07:45:26.517486+00:00,gambar-kamera.jpg,hybrid_fusion,hybrid_fusion,Dinding ini memiliki tekstur halus dengan beberapa garis retakan yang terlihat. Permukaan tersebut berwarna terang dan tampak polos. Keseluruhan pemandangan menunjukkan sebuah permukaan interior yang sederhana.,tidak_diketahui,tidak_diketahui,tidak_diketahui,,,,,,,0.47,,,Dinding ini memiliki tekstur halus dengan beberapa garis retakan yang terlihat. Permukaan tersebut berwarna terang dan tampak polos. Keseluruhan pemandangan menunjukkan sebuah permukaan interior yang sederhana.,48734,,49468,
2026-07-22T07:53:26.359072+00:00,gambar-kamera.jpg,hybrid_fusion,hybrid_fusion,Gambar menunjukkan sebuah kipas langit-langit yang terpasang pada dinding berwarna terang. Kipas tersebut menjulur ke bawah hingga menyentuh lantai. Scene ini menampilkan instalasi sederhana di dalam ruangan.,tidak_diketahui,tidak_diketahui,tidak_diketahui,,,,,,,0.68,,,Ceiling fan tampak sebagai objek terdekat. Gambar menunjukkan sebuah kipas langit-langit yang terpasang pada dinding berwarna terang. Kipas tersebut menjulur ke bawah hingga menyentuh lantai. Scene ini menampilkan instalasi sederhana di dalam ruangan.,55209,,56315,
2026-07-22T20:36:42.055124+00:00,camera-1784749843168.jpg,sensor_assisted,sensor_assisted,Gambar adalah close-up dari permukaan wadah berwarna gelap dengan pola berlubang. Terdapat pita kuning dan label putih yang terlihat di bagian bawah gambar.,Permukaan wadah/kontainer,tengah,indoor,applied,,25.16,26.7,27.11,28.91,1.54,28.01,validated,Gambar adalah close-up dari permukaan wadah berwarna gelap dengan pola berlubang. Terdapat pita kuning dan label putih yang terlihat di bagian bawah gambar. Referensi jarak frontal sekitar 28.0 cm pada arah sensor.,62789,0,62794,
2026-07-22T20:38:20.219438+00:00,camera-1784749871577.jpg,sensor_assisted,sensor_assisted,Gambar ini menampilkan permukaan luar tas atau wadah berwarna gelap dengan tekstur bergelombang. Terdapat pegangan logam dan label yang terlihat di bagian bawah objek.,Tas atau wadah,tengah,indoor,applied,,26.93,28.47,28.92,30.71,1.54,29.82,validated,Gambar ini menampilkan permukaan luar tas atau wadah berwarna gelap dengan tekstur bergelombang. Terdapat pegangan logam dan label yang terlihat di bagian bawah objek. Referensi jarak frontal sekitar 29.8 cm pada arah sensor.,50157,0,50163,
2026-07-22T20:39:03.099203+00:00,camera-1784749877550.jpg,sensor_assisted,sensor_assisted,Gambar ini adalah close-up dari permukaan berwarna gelap dengan tekstur berpolkadot. Terdapat struktur pegangan atau tali di bagian atas dan bawah objek tersebut.,Permukaan tas/wadah,tengah,indoor,applied,,27.22,27.01,29.21,29.23,0.21,29.22,validated,Gambar ini adalah close-up dari permukaan berwarna gelap dengan tekstur berpolkadot. Terdapat struktur pegangan atau tali di bagian atas dan bawah objek tersebut. Referensi jarak frontal sekitar 29.2 cm pada arah sensor.,42437,1,42443,
2026-07-22T20:39:48.840361+00:00,camera-1784750424319.jpg,sensor_assisted,sensor_assisted,Gambar menampilkan koper berwarna biru tua di dalam ruangan dengan pita ukur kuning melintang di bagian bawahnya. Objek utama adalah tas besar yang diletakkan di depan.,Koper/Tas,tengah,indoor,applied,,47.09,47.01,49.53,49.56,0.08,49.55,validated,Gambar menampilkan koper berwarna biru tua di dalam ruangan dengan pita ukur kuning melintang di bagian bawahnya. Objek utama adalah tas besar yang diletakkan di depan. Referensi jarak frontal sekitar 49.5 cm pada arah sensor.,45633,0,45638,
2026-07-22T20:40:25.539777+00:00,camera-1784750427085.jpg,sensor_assisted,sensor_assisted,Sebuah koper berwarna gelap dengan pegangan perak terlihat di tengah gambar. Pita ukur kuning terbentang di bagian bawah koper.,Koper/Tas,tengah,indoor,applied,,46.7,47.03,49.13,49.58,0.33,49.36,validated,Sebuah koper berwarna gelap dengan pegangan perak terlihat di tengah gambar. Pita ukur kuning terbentang di bagian bawah koper. Referensi jarak frontal sekitar 49.4 cm pada arah sensor.,35807,1,35814,
2026-07-22T20:41:04.282090+00:00,camera-1784750429307.jpg,sensor_assisted,sensor_assisted,Gambar ini menampilkan koper berwarna gelap dengan pegangan perak yang berdiri di latar depan. Terdapat pita ukur kuning yang melintasi bagian bawah gambar.,Koper/Tas,tengah,indoor,applied,,46.7,47.01,49.13,49.56,0.31,49.34,validated,Gambar ini menampilkan koper berwarna gelap dengan pegangan perak yang berdiri di latar depan. Terdapat pita ukur kuning yang melintasi bagian bawah gambar. Referensi jarak frontal sekitar 49.3 cm pada arah sensor.,37961,0,37968,
2026-07-22T20:41:47.202071+00:00,camera-1784750537507.jpg,sensor_assisted,sensor_assisted,Sebuah koper berwarna biru gelap diletakkan di lantai berubin. Terdapat meteran kuning yang melintang di bawah koper tersebut.,koper,tengah,indoor,applied,,70.92,71.43,73.89,74.39,0.51,74.14,validated,Sebuah koper berwarna biru gelap diletakkan di lantai berubin. Terdapat meteran kuning yang melintang di bawah koper tersebut. Referensi jarak frontal sekitar 74.1 cm pada arah sensor.,42450,0,42455,
2026-07-22T20:42:28.170604+00:00,camera-1784750538996.jpg,sensor_assisted,sensor_assisted,Sebuah koper berwarna biru tua berdiri di lantai berubin. Terdapat pita ukur kuning yang melintang di bagian bawah koper tersebut.,Koper/Tas,tengah,indoor,applied,,70.92,71.34,73.89,74.3,0.42,74.09,validated,Sebuah koper berwarna biru tua berdiri di lantai berubin. Terdapat pita ukur kuning yang melintang di bagian bawah koper tersebut. Referensi jarak frontal sekitar 74.1 cm pada arah sensor.,39946,1,39952,
2026-07-22T20:43:12.348441+00:00,camera-1784750540145.jpg,sensor_assisted,sensor_assisted,Sebuah koper berwarna biru gelap diletakkan di lantai berubin. Terdapat pita ukur kuning yang melintang di bawah koper tersebut.,Koper/Tas,tengah,indoor,applied,,70.92,71.34,73.89,74.3,0.42,74.09,validated,Sebuah koper berwarna biru gelap diletakkan di lantai berubin. Terdapat pita ukur kuning yang melintang di bawah koper tersebut. Referensi jarak frontal sekitar 74.1 cm pada arah sensor.,43688,0,43693,
2026-07-22T20:43:52.780803+00:00,camera-1784750626337.jpg,sensor_assisted,sensor_assisted,Gambar ini menampilkan sebuah koper berwarna gelap yang diletakkan di atas lantai berubin. Sebuah meteran kuning terbentang di bagian bawah koper.,koper,tengah,indoor,applied,,96.02,96.04,99.56,99.41,0.02,99.48,validated,Gambar ini menampilkan sebuah koper berwarna gelap yang diletakkan di atas lantai berubin. Sebuah meteran kuning terbentang di bagian bawah koper. Referensi jarak frontal sekitar 99.5 cm pada arah sensor.,39684,0,39688,
2026-07-22T20:44:34.834244+00:00,camera-1784750628051.jpg,sensor_assisted,sensor_assisted,Sebuah koper berwarna hitam diletakkan di atas lantai keramik. Pita ukur kuning terlihat melintang di bagian bawah koper dan menjulur ke area depan.,Koper/Tas,tengah,indoor,applied,,95.58,96.02,99.11,99.39,0.44,99.25,validated,Sebuah koper berwarna hitam diletakkan di atas lantai keramik. Pita ukur kuning terlihat melintang di bagian bawah koper dan menjulur ke area depan. Referensi jarak frontal sekitar 99.2 cm pada arah sensor.,41328,0,41332,
2026-07-22T20:45:07.412828+00:00,camera-1784750750492.jpg,sensor_assisted,sensor_assisted,Sebuah koper berwarna biru gelap diletakkan di lantai keramik ruangan. Terdapat pita pengukur kuning yang melintang di atas koper dan lantai.,Koper/Tas,tengah,indoor,applied,,144.61,145.19,149.24,149.38,0.58,149.31,validated,Sebuah koper berwarna biru gelap diletakkan di lantai keramik ruangan. Terdapat pita pengukur kuning yang melintang di atas koper dan lantai. Referensi jarak frontal sekitar 149.3 cm pada arah sensor.,32492,0,32497,
2026-07-22T20:45:49.174987+00:00,camera-1784750752209.jpg,sensor_assisted,sensor_assisted,Sebuah koper berwarna biru gelap diletakkan di atas lantai keramik. Terdapat tali kuning yang melintang di bagian depan gambar.,Koper/Tas,tengah,indoor,applied,,144.57,145.17,149.19,149.36,0.6,149.28,validated,Sebuah koper berwarna biru gelap diletakkan di atas lantai keramik. Terdapat tali kuning yang melintang di bagian depan gambar. Referensi jarak frontal sekitar 149.3 cm pada arah sensor.,40878,0,40883,
2026-07-22T20:46:28.982466+00:00,camera-1784750760337.jpg,sensor_assisted,sensor_assisted,Sebuah koper berwarna hitam diletakkan di lantai ruangan. Terdapat tali berwarna kuning melintang di area depan gambar.,Koper/Tas,tengah,indoor,applied,,145.17,146.38,149.81,150.59,1.21,150.2,validated,Sebuah koper berwarna hitam diletakkan di lantai ruangan. Terdapat tali berwarna kuning melintang di area depan gambar. Referensi jarak frontal sekitar 150.2 cm pada arah sensor.,39287,0,39291,
2026-07-22T20:47:24.021280+00:00,camera-1784750841222.jpg,sensor_assisted,sensor_assisted,Sebuah koper hitam diletakkan di lantai ruangan berubin. Terdapat pita ukur kuning melintang di lantai di depan koper tersebut.,koper,bawah,indoor,applied,,194.67,194.53,200.42,199.54,0.14,199.98,validated,Sebuah koper hitam diletakkan di lantai ruangan berubin. Terdapat pita ukur kuning melintang di lantai di depan koper tersebut. Referensi jarak frontal sekitar 200.0 cm pada arah sensor.,54947,0,54952,
2026-07-22T20:48:13.580549+00:00,camera-1784750843749.jpg,sensor_assisted,sensor_assisted,Sebuah koper hitam diletakkan di lantai keramik ruangan indoor. Terdapat tali berwarna kuning yang membentang di area depan gambar menuju koper tersebut.,Koper/Tas,tengah,indoor,applied,,195.05,194.46,200.81,199.47,0.59,200.14,validated,Sebuah koper hitam diletakkan di lantai keramik ruangan indoor. Terdapat tali berwarna kuning yang membentang di area depan gambar menuju koper tersebut. Referensi jarak frontal sekitar 200.1 cm pada arah sensor.,48968,0,48972,
2026-07-22T20:48:58.318374+00:00,camera-1784750849994.jpg,sensor_assisted,sensor_assisted,Sebuah koper hitam diletakkan di atas lantai berubin di dalam ruangan. Terdapat tali berwarna kuning yang membentang dari sisi kiri gambar menuju koper tersebut.,Koper/Tas,tengah,indoor,applied,,194.58,194.33,200.33,199.33,0.25,199.83,validated,Sebuah koper hitam diletakkan di atas lantai berubin di dalam ruangan. Terdapat tali berwarna kuning yang membentang dari sisi kiri gambar menuju koper tersebut. Referensi jarak frontal sekitar 199.8 cm pada arah sensor.,44269,0,44273,
2026-07-22T20:49:27.963259+00:00,camera-1784751734257.jpg,sensor_assisted,sensor_assisted,Sebuah koper berwarna gelap dengan roda terlihat di atas lantai keramik. Objek tersebut berada di tengah bingkai gambar.,koper,tengah,indoor,applied,,95.41,95.7,98.93,99.06,0.29,99.0,validated,Sebuah koper berwarna gelap dengan roda terlihat di atas lantai keramik. Objek tersebut berada di tengah bingkai gambar. Referensi jarak frontal sekitar 99.0 cm pada arah sensor.,29501,0,29505,
